{"stats":{"minecraft:killed":{"minecraft:sheep":2,"born_in_chaos_v1:firelight_not_despawn":1},"minecraft:mined":{"minecraft:spruce_planks":2,"minecraft:jungle_leaves":2,"minecraft:calcite":1,"minecraft:tall_grass":2,"biomesoplenty:tall_lavender":1,"minecraft:furnace":4,"iceandfire:ash":2,"minecraft:grass":8,"minecraft:potatoes":8,"minecraft:oak_log":9,"minecraft:vine":1,"minecraft:smooth_quartz":5,"minecraft:stone":10,"minecraft:orange_bed":3,"biomesoplenty:redwood_wood":2,"minecraft:oak_leaves":3,"minecraft:green_bed":1},"minecraft:crafted":{"minecraft:oak_planks":36,"minecraft:crafting_table":1,"biomesoplenty:redwood_planks":8,"minecraft:baked_potato":8,"minecraft:iron_helmet":1,"minecraft:iron_sword":1,"minecraft:smithing_table":1,"minecraft:air":0,"minecraft:iron_boots":1,"minecraft:iron_chestplate":1,"minecraft:stick":4,"minecraft:torch":4},"minecraft:custom":{"minecraft:interact_with_smithing_table":6,"minecraft:interact_with_furnace":7,"minecraft:mob_kills":3,"minecraft:interact_with_crafting_table":4,"minecraft:open_barrel":11,"minecraft:leave_game":3,"minecraft:time_since_death":18877,"minecraft:sleep_in_bed":4,"minecraft:climb_one_cm":9962,"minecraft:time_since_rest":853,"minecraft:sprint_one_cm":212137,"minecraft:damage_taken":1208,"minecraft:walk_one_cm":64544,"minecraft:drop":11,"minecraft:damage_dealt":311,"minecraft:swim_one_cm":29927,"minecraft:fly_one_cm":198480,"minecraft:open_chest":32,"minecraft:crouch_one_cm":1270,"minecraft:play_time":47362,"minecraft:deaths":4,"minecraft:sneak_time":443,"minecraft:walk_under_water_one_cm":3799,"minecraft:jump":805,"minecraft:interact_with_blast_furnace":1,"minecraft:walk_on_water_one_cm":7332,"minecraft:total_world_time":47362,"minecraft:fall_one_cm":17490},"minecraft:killed_by":{"undead_revamp2:clogger":1,"iceandfire:fire_dragon":2},"minecraft:dropped":{"occultism:datura_seeds":3,"minecraft:wheat_seeds":12,"biomesoplenty:lavender":85,"tombstone:grave_dust":1,"minecraft:calcite":1,"biomesoplenty:tall_lavender":7},"minecraft:used":{"minecraft:stone_pickaxe":1,"minecraft:baked_potato":4,"minecraft:oak_planks":16,"minecraft:green_bed":1,"minecraft:stone_hoe":13,"minecraft:oak_door":3,"minecraft:white_wool":1,"minecraft:orange_bed":3,"minecraft:torch":1,"minecraft:crafting_table":1,"minecraft:carrot":7,"minecraft:iron_axe":25,"minecraft:iron_pickaxe":19,"minecraft:light_gray_wool":1,"minecraft:cobblestone":8,"minecraft:sweet_berries":3,"minecraft:furnace":2,"minecraft:smithing_table":1,"tombstone:gift":2,"minecraft:iron_leggings":1},"minecraft:picked_up":{"biomesoplenty:lavender":85,"occultism:datura_seeds":3,"minecraft:potato":27,"minecraft:oak_log":9,"biomesoplenty:tall_lavender":7,"minecraft:wheat_seeds":12,"minecraft:spruce_planks":2,"minecraft:rose_bush":5,"minecraft:calcite":1,"minecraft:smooth_quartz":4,"minecraft:light_gray_wool":1,"biomesoplenty:redwood_wood":2,"minecraft:furnace":4,"apotheosis:gem":3,"minecraft:oak_door":3,"minecraft:green_bed":1,"minecraft:orange_bed":3,"minecraft:mutton":4,"minecraft:coal":1,"minecraft:white_wool":1,"minecraft:cobblestone":10}},"DataVersion":3465}