{"stats":{"minecraft:killed":{"mekanismadditions:baby_enderman":1,"minecraft:zombie_villager":1,"born_in_chaos_v1:restless_spirit":1,"minecraft:spider":3,"undead_revamp2:the_moonflower":3,"minecraft:vindicator":2,"undead_revamp2:theheavy":1,"alexsmobs:seagull":1,"minecraft:creeper":1,"born_in_chaos_v1:decrepit_skeleton":1,"minecraft:sheep":2,"minecraft:skeleton":2,"born_in_chaos_v1:phantom_creeper_copy":2,"minecraft:pillager":8,"minecraft:zombie":5,"born_in_chaos_v1:corpse_fly":1,"born_in_chaos_v1:dark_vortex":1,"undead_revamp2:crackleball":14,"born_in_chaos_v1:firelight_not_despawn":1},"minecraft:mined":{"minecraft:oak_slab":3,"minecraft:spruce_planks":2,"minecraft:jungle_leaves":3,"minecraft:calcite":1,"minecraft:melon":8,"minecraft:chest":3,"minecraft:tall_grass":2,"minecraft:oak_planks":1,"minecraft:spawner":1,"biomesoplenty:tall_lavender":1,"minecraft:polished_basalt":1,"minecraft:furnace":4,"biomesoplenty:mahogany_log":23,"iceandfire:ash":2,"minecraft:grass":12,"minecraft:potatoes":8,"minecraft:oak_log":9,"minecraft:vine":1,"minecraft:smooth_quartz":5,"minecraft:bamboo":3,"minecraft:stone":10,"biomesoplenty:redwood_wood":2,"minecraft:oak_leaves":3,"minecraft:green_bed":1,"minecraft:fern":6,"minecraft:orange_bed":3},"minecraft:broken":{"slashblade:slashblade_bamboo":4,"slashblade:slashblade_wood":1,"aether:iron_gloves":1},"minecraft:crafted":{"minecraft:wooden_sword":6,"minecraft:oak_planks":36,"minecraft:crafting_table":1,"biomesoplenty:mahogany_planks":24,"biomesoplenty:redwood_planks":8,"slashblade:slashblade_bamboo":5,"minecraft:iron_helmet":1,"minecraft:baked_potato":8,"minecraft:iron_sword":1,"minecraft:smithing_table":1,"slashblade:slashblade_wood":6,"minecraft:air":0,"minecraft:iron_boots":1,"minecraft:iron_chestplate":1,"minecraft:stick":12,"minecraft:chest":1,"minecraft:torch":4},"minecraft:custom":{"minecraft:interact_with_smithing_table":6,"minecraft:interact_with_furnace":7,"minecraft:mob_kills":54,"tombstone:raider_killed":10,"minecraft:interact_with_crafting_table":10,"minecraft:open_barrel":21,"minecraft:damage_dealt_resisted":271,"minecraft:leave_game":6,"minecraft:time_since_death":44571,"minecraft:sleep_in_bed":5,"minecraft:climb_one_cm":12223,"minecraft:time_since_rest":11928,"minecraft:sprint_one_cm":311274,"minecraft:damage_taken":2117,"minecraft:walk_one_cm":119424,"minecraft:drop":26,"minecraft:damage_dealt":9136,"minecraft:swim_one_cm":36368,"minecraft:fly_one_cm":293300,"minecraft:open_chest":44,"minecraft:crouch_one_cm":28232,"minecraft:play_time":73056,"tombstone:undead_killed":13,"minecraft:deaths":4,"minecraft:sneak_time":1708,"minecraft:walk_under_water_one_cm":7299,"minecraft:jump":1253,"minecraft:interact_with_blast_furnace":1,"minecraft:walk_on_water_one_cm":8559,"minecraft:total_world_time":73056,"minecraft:fall_one_cm":29663},"minecraft:killed_by":{"undead_revamp2:clogger":1,"iceandfire:fire_dragon":2},"minecraft:dropped":{"minecraft:oak_slab":4,"occultism:datura_seeds":3,"minecraft:wheat_seeds":13,"born_in_chaos_v1:ethereal_spirit":1,"biomesoplenty:lavender":85,"minecraft:rotten_flesh":4,"minecraft:cobblestone":2,"minecraft:oak_planks":1,"minecraft:stick":2,"born_in_chaos_v1:monster_flesh":1,"supplementaries:ash":1,"born_in_chaos_v1:phantom_powder":3,"born_in_chaos_v1:monster_skin":1,"apotheosis:gem":2,"tombstone:grave_dust":1,"minecraft:bow":1,"minecraft:bone":2,"minecraft:calcite":1,"biomesoplenty:tall_lavender":7},"minecraft:used":{"minecraft:stone_pickaxe":1,"minecraft:baked_potato":8,"minecraft:oak_planks":16,"minecraft:chest":4,"minecraft:green_bed":1,"minecraft:stone_hoe":13,"minecraft:oak_door":3,"minecraft:white_wool":1,"minecraft:orange_bed":3,"minecraft:torch":3,"minecraft:crafting_table":1,"minecraft:carrot":7,"slashblade:slashblade_bamboo":329,"minecraft:iron_axe":88,"minecraft:bread":8,"minecraft:melon_slice":15,"minecraft:iron_pickaxe":21,"minecraft:light_gray_wool":1,"minecraft:cobblestone":8,"minecraft:sweet_berries":3,"minecraft:furnace":2,"minecraft:smithing_table":1,"slashblade:slashblade_wood":60,"tombstone:gift":6,"minecraft:iron_leggings":1},"minecraft:picked_up":{"biomesoplenty:lavender":85,"occultism:datura_seeds":3,"born_in_chaos_v1:monster_flesh":1,"minecraft:potato":27,"minecraft:oak_log":9,"born_in_chaos_v1:monster_skin":1,"biomesoplenty:tall_lavender":7,"minecraft:bone":2,"minecraft:bow":1,"minecraft:wheat_seeds":13,"minecraft:spruce_planks":2,"minecraft:cobweb":4,"minecraft:rose_bush":5,"minecraft:calcite":1,"minecraft:smooth_quartz":4,"minecraft:light_gray_wool":1,"minecraft:bamboo":22,"biomesoplenty:redwood_wood":2,"minecraft:melon_slice":32,"minecraft:chest":3,"minecraft:oak_planks":1,"minecraft:furnace":4,"minecraft:iron_boots":1,"minecraft:oak_slab":4,"slashblade:proudsoul_tiny":5,"apotheosis:gem":4,"minecraft:oak_door":3,"born_in_chaos_v1:ethereal_spirit":1,"born_in_chaos_v1:phantom_powder":3,"minecraft:quartz":23,"minecraft:green_bed":1,"born_in_chaos_v1:dark_rod":2,"tombstone:grave_dust":2,"undead_revamp2:rawbostrox":2,"minecraft:orange_bed":3,"biomesoplenty:mahogany_log":23,"minecraft:arrow":9,"minecraft:rotten_flesh":9,"supplementaries:ash":1,"minecraft:gold_ingot":4,"minecraft:emerald":4,"tombstone:magic_scroll":1,"minecraft:cobblestone":16,"minecraft:mutton":4,"minecraft:white_wool":1,"minecraft:coal":1,"eternal_tales:heart_et":2}},"DataVersion":3465}