{"stats":{"minecraft:killed":{"minecraft:vindicator":2,"undead_revamp2:theheavy":1,"minecraft:sheep":2,"minecraft:pillager":3,"undead_revamp2:crackleball":14,"born_in_chaos_v1:firelight_not_despawn":1},"minecraft:mined":{"minecraft:oak_slab":3,"minecraft:spruce_planks":2,"minecraft:jungle_leaves":3,"minecraft:calcite":1,"minecraft:melon":8,"minecraft:chest":1,"minecraft:tall_grass":2,"minecraft:oak_planks":1,"minecraft:spawner":1,"biomesoplenty:tall_lavender":1,"minecraft:furnace":4,"biomesoplenty:mahogany_log":23,"iceandfire:ash":2,"minecraft:grass":12,"minecraft:potatoes":8,"minecraft:oak_log":9,"minecraft:vine":1,"minecraft:smooth_quartz":5,"minecraft:bamboo":3,"minecraft:stone":10,"biomesoplenty:redwood_wood":2,"minecraft:oak_leaves":3,"minecraft:green_bed":1,"minecraft:fern":6,"minecraft:orange_bed":3},"minecraft:broken":{"slashblade:slashblade_bamboo":1,"slashblade:slashblade_wood":1},"minecraft:crafted":{"minecraft:wooden_sword":2,"minecraft:oak_planks":36,"minecraft:crafting_table":1,"biomesoplenty:mahogany_planks":8,"biomesoplenty:redwood_planks":8,"slashblade:slashblade_bamboo":1,"minecraft:iron_helmet":1,"minecraft:baked_potato":8,"minecraft:iron_sword":1,"minecraft:smithing_table":1,"slashblade:slashblade_wood":2,"minecraft:air":0,"minecraft:iron_boots":1,"minecraft:iron_chestplate":1,"minecraft:stick":8,"minecraft:torch":4},"minecraft:custom":{"minecraft:interact_with_smithing_table":6,"minecraft:interact_with_furnace":7,"minecraft:mob_kills":25,"tombstone:raider_killed":5,"minecraft:interact_with_crafting_table":5,"minecraft:open_barrel":18,"minecraft:damage_dealt_resisted":203,"minecraft:leave_game":5,"minecraft:time_since_death":33109,"minecraft:sleep_in_bed":5,"minecraft:climb_one_cm":11522,"minecraft:time_since_rest":466,"minecraft:sprint_one_cm":268803,"minecraft:damage_taken":1966,"minecraft:walk_one_cm":95500,"minecraft:drop":19,"minecraft:damage_dealt":3214,"minecraft:swim_one_cm":34784,"minecraft:fly_one_cm":247408,"minecraft:open_chest":38,"minecraft:crouch_one_cm":2313,"minecraft:play_time":61594,"tombstone:undead_killed":1,"minecraft:deaths":4,"minecraft:sneak_time":812,"minecraft:walk_under_water_one_cm":6785,"minecraft:jump":1056,"minecraft:interact_with_blast_furnace":1,"minecraft:walk_on_water_one_cm":8145,"minecraft:total_world_time":61594,"minecraft:fall_one_cm":23324},"minecraft:killed_by":{"undead_revamp2:clogger":1,"iceandfire:fire_dragon":2},"minecraft:dropped":{"minecraft:oak_slab":4,"occultism:datura_seeds":3,"minecraft:wheat_seeds":13,"biomesoplenty:lavender":85,"minecraft:rotten_flesh":4,"minecraft:cobblestone":2,"minecraft:oak_planks":1,"minecraft:stick":2,"apotheosis:gem":2,"tombstone:grave_dust":1,"minecraft:calcite":1,"biomesoplenty:tall_lavender":7},"minecraft:used":{"minecraft:stone_pickaxe":1,"minecraft:baked_potato":8,"minecraft:oak_planks":16,"minecraft:green_bed":1,"minecraft:stone_hoe":13,"minecraft:oak_door":3,"minecraft:torch":3,"minecraft:white_wool":1,"minecraft:orange_bed":3,"minecraft:crafting_table":1,"minecraft:carrot":7,"slashblade:slashblade_bamboo":70,"minecraft:bread":5,"minecraft:iron_axe":86,"minecraft:melon_slice":15,"minecraft:iron_pickaxe":20,"minecraft:light_gray_wool":1,"minecraft:cobblestone":8,"minecraft:sweet_berries":3,"minecraft:furnace":2,"minecraft:smithing_table":1,"slashblade:slashblade_wood":60,"tombstone:gift":2,"minecraft:iron_leggings":1},"minecraft:picked_up":{"biomesoplenty:lavender":85,"occultism:datura_seeds":3,"minecraft:potato":27,"minecraft:oak_log":9,"biomesoplenty:tall_lavender":7,"minecraft:bow":1,"minecraft:wheat_seeds":13,"minecraft:spruce_planks":2,"minecraft:cobweb":4,"minecraft:rose_bush":5,"minecraft:calcite":1,"minecraft:smooth_quartz":4,"minecraft:light_gray_wool":1,"minecraft:bamboo":22,"biomesoplenty:redwood_wood":2,"minecraft:melon_slice":32,"minecraft:chest":1,"minecraft:oak_planks":1,"minecraft:furnace":4,"minecraft:iron_boots":1,"slashblade:proudsoul_tiny":2,"minecraft:oak_slab":4,"apotheosis:gem":4,"minecraft:oak_door":3,"minecraft:quartz":23,"minecraft:green_bed":1,"undead_revamp2:rawbostrox":2,"minecraft:orange_bed":3,"biomesoplenty:mahogany_log":23,"minecraft:arrow":5,"minecraft:rotten_flesh":4,"minecraft:emerald":2,"minecraft:gold_ingot":4,"eternal_tales:heart_et":2,"tombstone:magic_scroll":1,"minecraft:mutton":4,"minecraft:white_wool":1,"minecraft:coal":1,"minecraft:cobblestone":16}},"DataVersion":3465}