{"stats":{"minecraft:killed":{"minecraft:sheep":2,"born_in_chaos_v1:firelight_not_despawn":1},"minecraft:mined":{"biomesoplenty:tall_lavender":1,"minecraft:furnace":4,"iceandfire:ash":2,"minecraft:grass":8,"minecraft:potatoes":8,"minecraft:oak_log":9,"minecraft:tall_grass":2,"minecraft:stone":10,"biomesoplenty:redwood_wood":2,"minecraft:oak_leaves":3,"minecraft:green_bed":1,"minecraft:orange_bed":3},"minecraft:crafted":{"minecraft:oak_planks":16,"biomesoplenty:redwood_planks":8,"minecraft:baked_potato":8,"minecraft:air":0},"minecraft:custom":{"minecraft:time_since_rest":3165,"minecraft:interact_with_furnace":7,"minecraft:sprint_one_cm":182533,"minecraft:damage_taken":1188,"minecraft:walk_one_cm":48949,"minecraft:mob_kills":3,"minecraft:drop":10,"minecraft:damage_dealt":311,"minecraft:swim_one_cm":20332,"minecraft:fly_one_cm":183920,"minecraft:open_barrel":5,"minecraft:open_chest":21,"minecraft:crouch_one_cm":350,"minecraft:play_time":35362,"minecraft:deaths":4,"minecraft:sneak_time":113,"minecraft:walk_under_water_one_cm":3467,"minecraft:jump":718,"minecraft:interact_with_blast_furnace":1,"minecraft:leave_game":3,"minecraft:time_since_death":6877,"minecraft:walk_on_water_one_cm":5859,"minecraft:climb_one_cm":6720,"minecraft:sleep_in_bed":3,"minecraft:total_world_time":35362,"minecraft:fall_one_cm":16323},"minecraft:killed_by":{"undead_revamp2:clogger":1,"iceandfire:fire_dragon":2},"minecraft:dropped":{"occultism:datura_seeds":3,"minecraft:wheat_seeds":12,"biomesoplenty:lavender":85,"tombstone:grave_dust":1,"biomesoplenty:tall_lavender":7},"minecraft:used":{"minecraft:iron_axe":20,"minecraft:stone_pickaxe":1,"minecraft:baked_potato":2,"minecraft:iron_pickaxe":13,"minecraft:orange_bed":2,"minecraft:green_bed":1,"minecraft:oak_door":3,"minecraft:stone_hoe":13,"minecraft:white_wool":1,"minecraft:light_gray_wool":1,"minecraft:cobblestone":7,"minecraft:sweet_berries":3,"minecraft:furnace":2,"minecraft:carrot":7,"tombstone:gift":2,"minecraft:iron_leggings":1},"minecraft:picked_up":{"biomesoplenty:lavender":85,"occultism:datura_seeds":3,"minecraft:oak_door":3,"minecraft:green_bed":1,"minecraft:potato":27,"minecraft:oak_log":9,"minecraft:orange_bed":3,"biomesoplenty:tall_lavender":7,"minecraft:wheat_seeds":12,"minecraft:light_gray_wool":1,"biomesoplenty:redwood_wood":2,"minecraft:mutton":4,"minecraft:coal":1,"minecraft:white_wool":1,"minecraft:cobblestone":10,"minecraft:furnace":4}},"DataVersion":3465}