{"stats":{"minecraft:picked_up":{"biomesoplenty:lavender":85,"occultism:datura_seeds":3,"minecraft:oak_door":3,"minecraft:green_bed":1,"minecraft:potato":27,"minecraft:oak_log":4,"minecraft:orange_bed":1,"biomesoplenty:tall_lavender":7,"minecraft:wheat_seeds":12,"minecraft:light_gray_wool":1,"biomesoplenty:redwood_wood":2,"minecraft:coal":1,"minecraft:mutton":4,"minecraft:white_wool":1,"minecraft:furnace":2},"minecraft:used":{"minecraft:iron_axe":4,"minecraft:stone_pickaxe":1,"minecraft:iron_pickaxe":1,"minecraft:green_bed":1,"minecraft:stone_hoe":13,"minecraft:white_wool":1,"minecraft:oak_door":3,"minecraft:light_gray_wool":1,"minecraft:sweet_berries":3,"minecraft:carrot":7,"tombstone:gift":2,"minecraft:iron_leggings":1},"minecraft:killed":{"minecraft:sheep":2},"minecraft:dropped":{"occultism:datura_seeds":3,"minecraft:wheat_seeds":12,"biomesoplenty:lavender":85,"tombstone:grave_dust":1,"biomesoplenty:tall_lavender":7},"minecraft:custom":{"minecraft:time_since_rest":860,"minecraft:interact_with_furnace":3,"minecraft:sprint_one_cm":130247,"minecraft:damage_taken":840,"minecraft:walk_one_cm":34587,"minecraft:mob_kills":2,"minecraft:drop":10,"minecraft:damage_dealt":160,"minecraft:swim_one_cm":17152,"minecraft:fly_one_cm":128656,"minecraft:open_barrel":2,"minecraft:open_chest":17,"minecraft:crouch_one_cm":86,"minecraft:play_time":24044,"minecraft:deaths":3,"minecraft:sneak_time":51,"minecraft:walk_under_water_one_cm":2560,"minecraft:jump":489,"minecraft:interact_with_blast_furnace":1,"minecraft:leave_game":3,"minecraft:time_since_death":945,"minecraft:walk_on_water_one_cm":5259,"minecraft:sleep_in_bed":2,"minecraft:total_world_time":24044,"minecraft:climb_one_cm":3550,"minecraft:fall_one_cm":10641},"minecraft:mined":{"biomesoplenty:tall_lavender":1,"minecraft:furnace":2,"iceandfire:ash":2,"minecraft:potatoes":8,"minecraft:grass":3,"minecraft:oak_log":4,"biomesoplenty:redwood_wood":2,"minecraft:oak_leaves":3,"minecraft:green_bed":1,"minecraft:orange_bed":1},"minecraft:killed_by":{"undead_revamp2:clogger":1,"iceandfire:fire_dragon":1},"minecraft:crafted":{"minecraft:oak_planks":16,"biomesoplenty:redwood_planks":8}},"DataVersion":3465}