{"stats":{"minecraft:killed":{"minecraft:sheep":1,"alexsmobs:lobster":2,"minecraft:pig":2,"iceandfire:ghost":1,"minecraft:chicken":2,"born_in_chaos_v1:firelight_not_despawn":1},"minecraft:mined":{"biomesoplenty:lavender":1,"minecraft:crafting_table":3,"minecraft:brown_bed":2,"minecraft:grass":7,"biomesoplenty:clover":2,"minecraft:oak_log":6,"biomesoplenty:redwood_leaves":1,"minecraft:rose_bush":1,"minecraft:cobweb":3,"minecraft:cobblestone":9,"biomesoplenty:sprout":2,"minecraft:stone":10,"biomesoplenty:redwood_wood":5,"minecraft:oak_leaves":1},"minecraft:crafted":{"minecraft:oak_planks":24,"minecraft:crafting_table":1,"minecraft:stick":12,"biomesoplenty:redwood_planks":20,"minecraft:wooden_pickaxe":1,"minecraft:stone_pickaxe":1,"minecraft:stone_sword":1,"minecraft:stone_axe":1},"minecraft:custom":{"minecraft:time_since_rest":4534,"minecraft:sprint_one_cm":49474,"minecraft:damage_taken":604,"minecraft:walk_one_cm":61073,"minecraft:mob_kills":10,"minecraft:drop":1,"minecraft:damage_dealt":940,"minecraft:swim_one_cm":26913,"minecraft:interact_with_crafting_table":6,"minecraft:fly_one_cm":93938,"minecraft:open_chest":8,"minecraft:crouch_one_cm":488,"minecraft:play_time":26256,"tombstone:undead_killed":1,"minecraft:deaths":2,"minecraft:sneak_time":129,"minecraft:walk_under_water_one_cm":8433,"minecraft:jump":416,"minecraft:leave_game":1,"minecraft:walk_on_water_one_cm":7764,"minecraft:time_since_death":5147,"minecraft:sleep_in_bed":2,"minecraft:total_world_time":26256,"minecraft:fall_one_cm":13198},"minecraft:killed_by":{"iceandfire:ghost":1,"born_in_chaos_v1:nightmare_stalker":1},"minecraft:dropped":{"slashblade:proudsoul_tiny":1},"minecraft:used":{"minecraft:rose_bush":1,"minecraft:stone_sword":35,"alexsmobs:lobster_tail":1,"minecraft:stone_pickaxe":18,"minecraft:wooden_pickaxe":6,"minecraft:stone_axe":2,"minecraft:crafting_table":3,"tombstone:gift":2,"minecraft:brown_bed":1},"minecraft:picked_up":{"biomesoplenty:lavender":1,"minecraft:crafting_table":3,"minecraft:feather":3,"minecraft:chicken":2,"minecraft:brown_bed":2,"minecraft:porkchop":4,"minecraft:oak_log":6,"iceandfire:ectoplasm":1,"minecraft:string":3,"born_in_chaos_v1:fire_dust":2,"minecraft:rose_bush":1,"biomesoplenty:redwood_wood":5,"minecraft:mutton":2,"minecraft:white_wool":1,"alexsmobs:lobster_tail":1,"minecraft:cobblestone":19}},"DataVersion":3465}