{"stats":{"minecraft:killed":{"alexsmobs:lobster":2,"minecraft:pig":5,"minecraft:sheep":1,"iceandfire:ghost":1,"minecraft:chicken":5,"born_in_chaos_v1:firelight_not_despawn":1},"minecraft:mined":{"minecraft:crafting_table":5,"minecraft:grass_block":1,"minecraft:melon":8,"minecraft:rose_bush":1,"minecraft:cobblestone":10,"biomesoplenty:sprout":4,"minecraft:hay_block":17,"biomesoplenty:mahogany_log":5,"biomesoplenty:lavender":1,"minecraft:brown_bed":3,"minecraft:grass":10,"biomesoplenty:clover":2,"minecraft:oak_log":6,"minecraft:coal_ore":3,"biomesoplenty:redwood_leaves":1,"minecraft:cobweb":13,"minecraft:bamboo":1,"minecraft:stone":10,"biomesoplenty:redwood_wood":5,"minecraft:oak_leaves":1,"minecraft:fern":4},"minecraft:crafted":{"minecraft:oak_planks":24,"minecraft:cooked_porkchop":4,"minecraft:crafting_table":1,"biomesoplenty:mahogany_planks":20,"biomesoplenty:redwood_planks":20,"minecraft:wooden_pickaxe":1,"minecraft:cooked_chicken":2,"minecraft:stone_axe":1,"minecraft:bread":30,"minecraft:cooked_mutton":2,"minecraft:air":0,"minecraft:stick":12,"minecraft:stone_pickaxe":1,"minecraft:stone_sword":1,"biomesoplenty:mahogany_boat":1,"minecraft:wheat":90},"minecraft:custom":{"minecraft:interact_with_furnace":8,"minecraft:mob_kills":16,"minecraft:interact_with_crafting_table":10,"minecraft:open_barrel":2,"minecraft:leave_game":2,"minecraft:time_since_death":35574,"minecraft:sleep_in_bed":4,"minecraft:climb_one_cm":1469,"minecraft:time_since_rest":8334,"minecraft:sprint_one_cm":176712,"minecraft:damage_taken":920,"minecraft:walk_one_cm":96668,"minecraft:drop":1,"minecraft:damage_dealt":1360,"minecraft:swim_one_cm":37136,"minecraft:fly_one_cm":344234,"minecraft:open_chest":18,"minecraft:crouch_one_cm":654,"minecraft:play_time":56683,"tombstone:undead_killed":1,"minecraft:deaths":2,"minecraft:sneak_time":214,"minecraft:walk_under_water_one_cm":9497,"minecraft:jump":1327,"minecraft:walk_on_water_one_cm":9374,"minecraft:interact_with_smoker":2,"minecraft:total_world_time":56683,"minecraft:fall_one_cm":41286},"minecraft:killed_by":{"born_in_chaos_v1:nightmare_stalker":1,"iceandfire:ghost":1},"minecraft:dropped":{"slashblade:proudsoul_tiny":1},"minecraft:used":{"minecraft:rose_bush":1,"minecraft:stone_sword":76,"minecraft:stone_pickaxe":25,"minecraft:wooden_pickaxe":6,"minecraft:crafting_table":5,"alexsmobs:lobster_tail":1,"minecraft:bread":5,"tombstone:magic_scroll":1,"biomesoplenty:mahogany_boat":1,"minecraft:stone_axe":20,"minecraft:golden_carrot":4,"minecraft:cobblestone":6,"minecraft:cooked_porkchop":1,"tombstone:gift":2,"minecraft:brown_bed":2},"minecraft:picked_up":{"biomesoplenty:lavender":1,"minecraft:crafting_table":5,"minecraft:feather":7,"minecraft:chicken":5,"minecraft:brown_bed":3,"biomesoplenty:mahogany_boat":1,"minecraft:oak_log":6,"iceandfire:ectoplasm":1,"minecraft:string":13,"minecraft:dirt":1,"minecraft:rose_bush":1,"minecraft:bamboo":10,"biomesoplenty:redwood_wood":5,"minecraft:melon_slice":37,"minecraft:egg":2,"minecraft:oak_door":1,"minecraft:porkchop":9,"biomesoplenty:mahogany_log":5,"born_in_chaos_v1:fire_dust":2,"waystones:waystone":1,"minecraft:hay_block":17,"minecraft:cobblestone":20,"alexsmobs:lobster_tail":1,"minecraft:mutton":2,"minecraft:white_wool":1,"minecraft:coal":3}},"DataVersion":3465}