{"stats":{"minecraft:mined":{"minecraft:grass":1,"biomesoplenty:redwood_leaves":1,"minecraft:cobblestone":2,"minecraft:stone":2,"biomesoplenty:redwood_wood":5,"minecraft:crafting_table":1,"minecraft:brown_bed":1},"minecraft:crafted":{"minecraft:crafting_table":1,"minecraft:stone_pickaxe":1,"minecraft:stick":4,"biomesoplenty:redwood_planks":20,"minecraft:wooden_pickaxe":1},"minecraft:custom":{"minecraft:time_since_rest":6363,"minecraft:play_time":12887,"minecraft:sprint_one_cm":28144,"minecraft:damage_taken":20,"minecraft:walk_one_cm":11630,"minecraft:sneak_time":5,"minecraft:walk_under_water_one_cm":300,"minecraft:jump":166,"minecraft:time_since_death":12887,"minecraft:walk_on_water_one_cm":1162,"minecraft:sleep_in_bed":1,"minecraft:total_world_time":12887,"minecraft:swim_one_cm":14765,"minecraft:fall_one_cm":5349,"minecraft:interact_with_crafting_table":3,"minecraft:fly_one_cm":44052},"minecraft:used":{"minecraft:crafting_table":2,"minecraft:wooden_pickaxe":6},"minecraft:picked_up":{"minecraft:crafting_table":1,"minecraft:brown_bed":1,"biomesoplenty:redwood_wood":5,"minecraft:cobblestone":4}},"DataVersion":3465}