{"stats":{"minecraft:killed":{"alexsmobs:lobster":2,"minecraft:pig":5,"minecraft:sheep":1,"iceandfire:ghost":1,"minecraft:chicken":5,"minecraft:cow":2,"born_in_chaos_v1:firelight_not_despawn":1},"minecraft:mined":{"minecraft:crafting_table":6,"minecraft:grass_block":4,"minecraft:melon":8,"minecraft:rose_bush":1,"biomesoplenty:high_grass_plant":1,"minecraft:cobblestone":14,"biomesoplenty:sprout":4,"minecraft:hay_block":17,"biomesoplenty:mahogany_log":5,"biomesoplenty:lavender":1,"minecraft:brown_bed":3,"biomesoplenty:high_grass":2,"minecraft:grass":10,"biomesoplenty:clover":2,"minecraft:oak_log":6,"minecraft:coal_ore":9,"biomesoplenty:redwood_leaves":1,"minecraft:gravel":6,"minecraft:dirt":2,"minecraft:cobweb":13,"minecraft:bamboo":1,"minecraft:stone":16,"biomesoplenty:redwood_wood":5,"minecraft:oak_leaves":1,"minecraft:fern":4},"minecraft:crafted":{"minecraft:oak_planks":24,"minecraft:cooked_porkchop":4,"minecraft:crafting_table":1,"biomesoplenty:mahogany_planks":20,"biomesoplenty:redwood_planks":20,"minecraft:cooked_chicken":2,"minecraft:wooden_pickaxe":1,"minecraft:stone_axe":1,"minecraft:bread":30,"minecraft:cooked_mutton":2,"minecraft:air":0,"minecraft:stick":12,"minecraft:stone_pickaxe":1,"minecraft:stone_sword":1,"biomesoplenty:mahogany_boat":2,"minecraft:torch":4,"minecraft:wheat":90},"minecraft:custom":{"minecraft:interact_with_furnace":8,"minecraft:mob_kills":18,"minecraft:interact_with_crafting_table":11,"minecraft:open_barrel":3,"minecraft:leave_game":3,"minecraft:time_since_death":7574,"minecraft:sleep_in_bed":4,"minecraft:climb_one_cm":1879,"minecraft:time_since_rest":7118,"minecraft:sprint_one_cm":225125,"minecraft:damage_taken":1260,"minecraft:walk_one_cm":108995,"minecraft:drop":4,"minecraft:damage_dealt":1622,"minecraft:swim_one_cm":53626,"minecraft:fly_one_cm":443188,"minecraft:open_chest":18,"minecraft:crouch_one_cm":794,"minecraft:play_time":76023,"tombstone:undead_killed":1,"minecraft:deaths":3,"minecraft:sneak_time":234,"minecraft:walk_under_water_one_cm":10181,"minecraft:jump":1877,"minecraft:walk_on_water_one_cm":15167,"minecraft:interact_with_smoker":2,"minecraft:total_world_time":76023,"minecraft:fall_one_cm":52594},"minecraft:killed_by":{"born_in_chaos_v1:nightmare_stalker":1,"iceandfire:siren":1,"iceandfire:ghost":1},"minecraft:dropped":{"minecraft:dirt":1,"apotheosis:gem":2,"slashblade:proudsoul_tiny":1},"minecraft:used":{"minecraft:rose_bush":1,"minecraft:stone_sword":87,"minecraft:stone_pickaxe":47,"minecraft:wooden_pickaxe":6,"minecraft:crafting_table":6,"alexsmobs:lobster_tail":1,"minecraft:bread":8,"tombstone:magic_scroll":1,"biomesoplenty:mahogany_boat":3,"minecraft:stone_axe":21,"minecraft:golden_carrot":4,"minecraft:cobblestone":12,"minecraft:cooked_porkchop":2,"tombstone:gift":2,"minecraft:brown_bed":2},"minecraft:picked_up":{"biomesoplenty:lavender":1,"minecraft:crafting_table":6,"minecraft:feather":7,"minecraft:chicken":5,"minecraft:leather":1,"minecraft:brown_bed":3,"minecraft:oak_log":6,"biomesoplenty:mahogany_boat":2,"iceandfire:ectoplasm":1,"minecraft:dirt":1,"minecraft:string":13,"minecraft:beef":2,"minecraft:rose_bush":1,"minecraft:bamboo":10,"biomesoplenty:redwood_wood":5,"minecraft:melon_slice":37,"minecraft:egg":2,"apotheosis:gem":1,"minecraft:oak_door":1,"minecraft:gravel":6,"minecraft:porkchop":9,"biomesoplenty:mahogany_log":5,"born_in_chaos_v1:fire_dust":2,"waystones:waystone":1,"minecraft:hay_block":17,"minecraft:cobblestone":30,"minecraft:white_wool":1,"minecraft:mutton":2,"alexsmobs:lobster_tail":1,"minecraft:coal":4}},"DataVersion":3465}