{"stats":{"minecraft:killed":{"minecraft:pig":3,"minecraft:sheep":3,"minecraft:skeleton":6,"minecraft:chicken":1,"unusualprehistory:sludge":1,"cardinal_sins:stonewarrior":1,"minecraft:cow":4},"minecraft:mined":{"minecraft:oak_slab":2,"minecraft:glass_pane":2,"minecraft:red_bed":2,"minecraft:chiseled_quartz_block":3,"minecraft:sea_lantern":1,"minecraft:crafting_table":1,"minecraft:torch":1,"minecraft:blast_furnace":1,"minecraft:tall_grass":6,"minecraft:oak_planks":1,"minecraft:wall_torch":10,"minecraft:spawner":9,"minecraft:hay_block":4,"minecraft:stone_stairs":4,"minecraft:furnace":4,"minecraft:fire":4,"minecraft:sweet_berry_bush":2,"eternal_tales:vase_et_white":5,"minecraft:potted_poppy":1,"minecraft:grass":21,"minecraft:oak_log":44,"minecraft:iron_bars":1,"minecraft:light_gray_concrete":2,"minecraft:smooth_quartz":2,"minecraft:cobweb":3,"eternal_tales:livetreepoisontrap":1,"minecraft:cracked_stone_bricks":1,"minecraft:stone_bricks":5,"minecraft:stone":8,"minecraft:mossy_stone_bricks":4,"biomesoplenty:redwood_wood":5},"minecraft:crafted":{"minecraft:oak_planks":12,"minecraft:diamond_axe":1,"minecraft:crafting_table":2,"biomesoplenty:redwood_planks":20,"minecraft:iron_helmet":1,"minecraft:wooden_pickaxe":1,"minecraft:bucket":1,"minecraft:stone_axe":1,"minecraft:bread":9,"minecraft:iron_chestplate":1,"minecraft:diamond_pickaxe":1,"minecraft:shield":1,"minecraft:stick":28,"minecraft:iron_pickaxe":1,"minecraft:stone_pickaxe":1,"minecraft:iron_leggings":1,"minecraft:wheat":27,"minecraft:diamond_chestplate":1},"minecraft:custom":{"minecraft:mob_kills":22,"minecraft:interact_with_crafting_table":13,"minecraft:open_barrel":22,"minecraft:interact_with_campfire":13,"minecraft:damage_dealt_resisted":0,"minecraft:leave_game":1,"minecraft:time_since_death":12268,"minecraft:sleep_in_bed":1,"minecraft:climb_one_cm":7087,"minecraft:damage_resisted":0,"minecraft:time_since_rest":12018,"minecraft:sprint_one_cm":40434,"minecraft:damage_taken":2108,"minecraft:walk_one_cm":208521,"minecraft:drop":31,"minecraft:damage_dealt":5211,"minecraft:swim_one_cm":638,"minecraft:fly_one_cm":88530,"minecraft:open_chest":37,"minecraft:crouch_one_cm":1064,"minecraft:play_time":43369,"tombstone:undead_killed":6,"minecraft:deaths":4,"minecraft:sneak_time":806,"minecraft:walk_under_water_one_cm":3171,"minecraft:jump":583,"minecraft:inspect_dispenser":1,"minecraft:walk_on_water_one_cm":7000,"minecraft:total_world_time":43369,"minecraft:fall_one_cm":15410},"minecraft:killed_by":{"minecraft:vindicator":1,"minecraft:zombie":1},"minecraft:dropped":{"minecraft:oak_slab":1,"malum:encyclopedia_arcana":1,"minecraft:wheat_seeds":1,"alexsmobs:animal_dictionary":1,"minecraft:feather":3,"eternal_tales:spider_man_emblem":1,"minecraft:prismarine_crystals":2,"biomesoplenty:redwood_planks":1,"minecraft:oak_planks":1,"minecraft:stone_stairs":4,"minecraft:carrot":2,"patchouli:guide_book":1,"minecraft:poppy":1,"supplementaries:ash":1,"minecraft:potato":2,"minecraft:flower_pot":1,"minecraft:iron_chestplate":1,"minecraft:smooth_quartz":2,"minecraft:ladder":3,"tombstone:grave_dust":1,"minecraft:iron_axe":2,"minecraft:stone_pickaxe":1,"minecraft:wooden_pickaxe":1,"minecraft:iron_pickaxe":2,"minecraft:string":2,"minecraft:white_wool":3,"minecraft:bone":5,"slashblade:proudsoul_tiny":1},"minecraft:used":{"minecraft:water_bucket":10,"minecraft:trident":74,"cardinal_sins:stone_greatsword":32,"minecraft:flint_and_steel":14,"minecraft:stone_pickaxe":18,"minecraft:wooden_pickaxe":11,"minecraft:cooked_chicken":3,"minecraft:torch":4,"minecraft:crafting_table":3,"minecraft:red_bed":1,"minecraft:diamond_pickaxe":11,"minecraft:apple":1,"minecraft:iron_pickaxe":12,"eternal_tales:black_tulip":3,"minecraft:iron_boots":1,"minecraft:diamond_chestplate":1,"minecraft:stone_axe":61,"minecraft:hay_block":1,"minecraft:sweet_berries":10,"minecraft:cooked_porkchop":5,"minecraft:bucket":11,"tombstone:gift":2,"minecraft:cooked_beef":1},"minecraft:picked_up":{"minecraft:feather":3,"minecraft:crafting_table":1,"minecraft:cooked_beef":15,"minecraft:ladder":3,"minecraft:flower_pot":1,"minecraft:leather":2,"minecraft:chiseled_quartz_block":3,"minecraft:oak_log":42,"eternal_tales:tea_seeds":3,"minecraft:red_bed":2,"minecraft:string":2,"minecraft:stone_stairs":4,"minecraft:iron_axe":1,"minecraft:cooked_mutton":5,"minecraft:bone":5,"minecraft:apple":1,"minecraft:wheat_seeds":1,"minecraft:iron_ingot":2,"minecraft:beef":6,"minecraft:cooked_chicken":3,"minecraft:smooth_quartz":2,"minecraft:poppy":1,"minecraft:iron_pickaxe":1,"biomesoplenty:redwood_wood":5,"minecraft:oak_planks":1,"minecraft:furnace":4,"minecraft:oak_slab":1,"minecraft:cooked_porkchop":7,"minecraft:torch":13,"minecraft:porkchop":7,"minecraft:blast_furnace":1,"minecraft:redstone":2,"cardinal_sins:stone_greatsword":1,"minecraft:prismarine_crystals":2,"minecraft:light_gray_concrete":2,"eternal_tales:poisonoil":1,"minecraft:arrow":3,"waystones:waystone":2,"minecraft:hay_block":4,"eternal_tales:chlorine":1,"eternal_tales:black_tulip":3,"supplementaries:ash":1,"minecraft:white_wool":3,"minecraft:iron_bars":1,"minecraft:coal":7,"eternal_tales:heart_et":2,"minecraft:cobblestone":6}},"DataVersion":3465}