{"stats":{"minecraft:killed":{"minecraft:pig":3,"cardinal_sins:stonewarrior":1},"minecraft:mined":{"minecraft:oak_slab":2,"minecraft:hay_block":3,"minecraft:stone_stairs":4,"minecraft:furnace":2,"minecraft:glass_pane":2,"minecraft:red_bed":2,"minecraft:sweet_berry_bush":2,"minecraft:torch":1,"minecraft:potted_poppy":1,"minecraft:crafting_table":1,"minecraft:grass":4,"minecraft:oak_log":44,"minecraft:cobweb":2,"minecraft:tall_grass":5,"minecraft:oak_planks":1,"minecraft:stone":6,"biomesoplenty:redwood_wood":5,"minecraft:wall_torch":10},"minecraft:crafted":{"minecraft:stick":8,"biomesoplenty:redwood_planks":20,"minecraft:stone_pickaxe":1,"minecraft:wooden_pickaxe":1,"minecraft:stone_axe":1},"minecraft:custom":{"minecraft:time_since_rest":8310,"minecraft:sprint_one_cm":27680,"minecraft:damage_taken":1265,"minecraft:walk_one_cm":104209,"minecraft:mob_kills":4,"minecraft:drop":11,"minecraft:damage_dealt":2776,"minecraft:interact_with_crafting_table":5,"minecraft:fly_one_cm":60604,"minecraft:open_barrel":21,"minecraft:open_chest":21,"minecraft:crouch_one_cm":504,"minecraft:play_time":21568,"minecraft:interact_with_campfire":13,"minecraft:deaths":3,"minecraft:sneak_time":283,"minecraft:walk_under_water_one_cm":239,"minecraft:jump":351,"minecraft:damage_dealt_resisted":0,"minecraft:walk_on_water_one_cm":562,"minecraft:time_since_death":14704,"minecraft:sleep_in_bed":1,"minecraft:total_world_time":21568,"minecraft:climb_one_cm":2243,"minecraft:fall_one_cm":9200},"minecraft:killed_by":{"minecraft:vindicator":1,"minecraft:zombie":1},"minecraft:dropped":{"minecraft:poppy":1,"minecraft:flower_pot":1,"alexsmobs:animal_dictionary":1,"tombstone:grave_dust":1,"minecraft:oak_planks":1,"minecraft:wooden_pickaxe":1,"minecraft:stone_stairs":4,"minecraft:string":2,"patchouli:guide_book":1,"minecraft:oak_slab":1,"slashblade:proudsoul_tiny":1},"minecraft:used":{"cardinal_sins:stone_greatsword":4,"minecraft:trident":36,"minecraft:apple":1,"minecraft:stone_pickaxe":2,"minecraft:wooden_pickaxe":11,"minecraft:iron_boots":1,"minecraft:stone_axe":61,"minecraft:sweet_berries":5,"minecraft:cooked_porkchop":2,"minecraft:red_bed":1,"tombstone:gift":2,"minecraft:cooked_beef":1},"minecraft:picked_up":{"minecraft:oak_slab":1,"minecraft:cooked_beef":6,"minecraft:crafting_table":1,"minecraft:ladder":3,"minecraft:cooked_porkchop":7,"minecraft:flower_pot":1,"minecraft:torch":13,"minecraft:porkchop":7,"minecraft:oak_log":42,"cardinal_sins:stone_greatsword":1,"minecraft:string":2,"minecraft:red_bed":2,"minecraft:stone_stairs":4,"minecraft:apple":1,"minecraft:hay_block":3,"minecraft:beef":6,"minecraft:poppy":1,"biomesoplenty:redwood_wood":5,"minecraft:oak_planks":1,"minecraft:cobblestone":6,"minecraft:furnace":2}},"DataVersion":3465}