{"stats":{"minecraft:killed":{"minecraft:pig":3,"minecraft:skeleton":4,"minecraft:chicken":1,"unusualprehistory:sludge":1,"cardinal_sins:stonewarrior":1},"minecraft:mined":{"minecraft:oak_slab":2,"minecraft:glass_pane":2,"minecraft:red_bed":2,"minecraft:crafting_table":1,"minecraft:torch":1,"minecraft:blast_furnace":1,"minecraft:tall_grass":5,"minecraft:oak_planks":1,"minecraft:wall_torch":10,"minecraft:spawner":6,"minecraft:hay_block":4,"minecraft:stone_stairs":4,"minecraft:furnace":4,"minecraft:fire":4,"minecraft:sweet_berry_bush":2,"eternal_tales:vase_et_white":5,"minecraft:potted_poppy":1,"minecraft:grass":15,"minecraft:oak_log":44,"minecraft:iron_bars":1,"minecraft:cobweb":3,"eternal_tales:livetreepoisontrap":1,"minecraft:cracked_stone_bricks":1,"minecraft:stone_bricks":5,"minecraft:stone":8,"minecraft:mossy_stone_bricks":4,"biomesoplenty:redwood_wood":5},"minecraft:crafted":{"minecraft:oak_planks":4,"minecraft:crafting_table":1,"biomesoplenty:redwood_planks":20,"minecraft:iron_helmet":1,"minecraft:wooden_pickaxe":1,"minecraft:bucket":1,"minecraft:stone_axe":1,"minecraft:iron_chestplate":1,"minecraft:shield":1,"minecraft:stick":8,"minecraft:iron_pickaxe":1,"minecraft:stone_pickaxe":1,"minecraft:iron_leggings":1},"minecraft:custom":{"minecraft:mob_kills":12,"minecraft:interact_with_crafting_table":10,"minecraft:open_barrel":21,"minecraft:interact_with_campfire":13,"minecraft:damage_dealt_resisted":0,"minecraft:time_since_death":2467,"minecraft:sleep_in_bed":1,"minecraft:climb_one_cm":5910,"minecraft:time_since_rest":2217,"minecraft:sprint_one_cm":31197,"minecraft:damage_taken":1827,"minecraft:walk_one_cm":165236,"minecraft:drop":14,"minecraft:damage_dealt":4420,"minecraft:swim_one_cm":638,"minecraft:fly_one_cm":69025,"minecraft:open_chest":25,"minecraft:crouch_one_cm":741,"minecraft:play_time":33568,"tombstone:undead_killed":4,"minecraft:deaths":4,"minecraft:sneak_time":736,"minecraft:walk_under_water_one_cm":3171,"minecraft:jump":454,"minecraft:walk_on_water_one_cm":7000,"minecraft:total_world_time":33568,"minecraft:fall_one_cm":11116},"minecraft:killed_by":{"minecraft:vindicator":1,"minecraft:zombie":1},"minecraft:dropped":{"minecraft:oak_slab":1,"alexsmobs:animal_dictionary":1,"eternal_tales:spider_man_emblem":1,"minecraft:oak_planks":1,"minecraft:stone_stairs":4,"patchouli:guide_book":1,"minecraft:poppy":1,"minecraft:flower_pot":1,"minecraft:ladder":3,"tombstone:grave_dust":1,"minecraft:stone_pickaxe":1,"minecraft:wooden_pickaxe":1,"minecraft:string":2,"slashblade:proudsoul_tiny":1},"minecraft:used":{"minecraft:water_bucket":10,"minecraft:trident":58,"cardinal_sins:stone_greatsword":17,"minecraft:flint_and_steel":7,"minecraft:stone_pickaxe":18,"minecraft:wooden_pickaxe":11,"minecraft:crafting_table":2,"minecraft:red_bed":1,"minecraft:apple":1,"minecraft:iron_pickaxe":9,"eternal_tales:black_tulip":3,"minecraft:iron_boots":1,"minecraft:stone_axe":61,"minecraft:hay_block":1,"minecraft:sweet_berries":10,"minecraft:cooked_porkchop":5,"minecraft:bucket":11,"tombstone:gift":2,"minecraft:cooked_beef":1},"minecraft:picked_up":{"minecraft:feather":2,"minecraft:crafting_table":1,"minecraft:cooked_beef":6,"minecraft:ladder":3,"minecraft:flower_pot":1,"minecraft:oak_log":42,"eternal_tales:tea_seeds":3,"minecraft:red_bed":2,"minecraft:string":2,"minecraft:stone_stairs":4,"minecraft:bone":5,"minecraft:apple":1,"minecraft:wheat_seeds":1,"minecraft:iron_ingot":2,"minecraft:beef":6,"minecraft:cooked_chicken":2,"minecraft:poppy":1,"biomesoplenty:redwood_wood":5,"minecraft:oak_planks":1,"minecraft:furnace":4,"minecraft:oak_slab":1,"minecraft:cooked_porkchop":7,"minecraft:torch":13,"minecraft:porkchop":7,"minecraft:blast_furnace":1,"minecraft:redstone":2,"cardinal_sins:stone_greatsword":1,"eternal_tales:poisonoil":1,"minecraft:arrow":2,"minecraft:hay_block":4,"eternal_tales:chlorine":1,"eternal_tales:black_tulip":3,"minecraft:iron_bars":1,"minecraft:coal":7,"eternal_tales:heart_et":1,"minecraft:cobblestone":6}},"DataVersion":3465}