{"stats":{"minecraft:killed":{"born_in_chaos_v1:maggot":2,"minecraft:skeleton":6,"minecraft:chicken":1,"minecraft:husk":1,"minecraft:pig":3,"alexsmobs:rhinoceros":1,"minecraft:sheep":3,"minecraft:zombie":3,"born_in_chaos_v1:dread_hound":1,"unusualprehistory:sludge":1,"cardinal_sins:stonewarrior":1,"minecraft:cow":4},"minecraft:mined":{"minecraft:spruce_planks":4,"minecraft:sea_lantern":1,"minecraft:obsidian":2,"minecraft:gilded_blackstone":2,"minecraft:spawner":9,"minecraft:hay_block":4,"minecraft:furnace":4,"minecraft:fire":4,"minecraft:iron_bars":1,"minecraft:light_gray_concrete":2,"ad_astra:sky_stone":2,"minecraft:stone":8,"minecraft:oak_slab":2,"minecraft:glass_pane":2,"minecraft:red_bed":2,"minecraft:chiseled_quartz_block":3,"minecraft:crafting_table":2,"minecraft:torch":1,"minecraft:blast_furnace":1,"minecraft:chest":1,"minecraft:tall_grass":6,"minecraft:oak_planks":1,"minecraft:wall_torch":10,"minecraft:stone_stairs":4,"minecraft:trapped_chest":2,"minecraft:sweet_berry_bush":2,"minecraft:potted_poppy":1,"eternal_tales:vase_et_white":5,"minecraft:grass":23,"minecraft:oak_log":44,"minecraft:smooth_quartz":2,"minecraft:cobweb":3,"eternal_tales:livetreepoisontrap":1,"minecraft:cracked_stone_bricks":1,"minecraft:stone_bricks":5,"minecraft:mossy_stone_bricks":4,"biomesoplenty:redwood_wood":5},"minecraft:crafted":{"minecraft:oak_planks":12,"minecraft:diamond_helmet":1,"minecraft:stone_pickaxe":1,"minecraft:diamond_boots":1,"minecraft:wheat":27,"minecraft:diamond_axe":1,"minecraft:crafting_table":3,"biomesoplenty:redwood_planks":20,"minecraft:wooden_pickaxe":1,"minecraft:iron_helmet":1,"minecraft:bucket":1,"minecraft:stone_axe":1,"minecraft:bread":9,"minecraft:iron_chestplate":1,"minecraft:diamond_pickaxe":1,"minecraft:shield":1,"minecraft:stick":28,"minecraft:iron_pickaxe":1,"minecraft:iron_leggings":1,"minecraft:diamond_chestplate":1},"minecraft:custom":{"minecraft:mob_kills":30,"minecraft:interact_with_crafting_table":16,"minecraft:open_barrel":25,"minecraft:interact_with_campfire":13,"minecraft:damage_dealt_resisted":0,"minecraft:leave_game":1,"minecraft:time_since_death":560,"minecraft:climb_one_cm":7451,"minecraft:damage_resisted":0,"minecraft:sprint_one_cm":50146,"minecraft:walk_one_cm":262198,"minecraft:damage_blocked_by_shield":495,"minecraft:drop":61,"minecraft:play_time":57489,"minecraft:deaths":6,"minecraft:sneak_time":853,"minecraft:walk_under_water_one_cm":3171,"minecraft:jump":763,"minecraft:walk_on_water_one_cm":8139,"minecraft:total_world_time":57489,"minecraft:sleep_in_bed":1,"minecraft:time_since_rest":356,"minecraft:damage_taken":2860,"minecraft:trigger_trapped_chest":3,"minecraft:damage_dealt":6976,"tombstone:cast_on_ally":0,"minecraft:swim_one_cm":638,"minecraft:fly_one_cm":116511,"minecraft:open_chest":39,"minecraft:crouch_one_cm":1108,"tombstone:undead_killed":10,"minecraft:fall_one_cm":17158,"minecraft:inspect_dispenser":1},"minecraft:killed_by":{"minecraft:vindicator":1,"minecraft:skeleton":1,"minecraft:zombie":2},"minecraft:dropped":{"minecraft:enchanted_book":3,"minecraft:oak_slab":1,"malum:encyclopedia_arcana":1,"minecraft:wheat_seeds":1,"minecraft:iron_helmet":1,"eternal_tales:spider_man_emblem":1,"minecraft:feather":3,"minecraft:prismarine_crystals":2,"minecraft:chainmail_helmet":1,"minecraft:item_frame":1,"minecraft:cobweb":5,"born_in_chaos_v1:monster_flesh":1,"ad_astra:sky_stone":2,"born_in_chaos_v1:phantom_powder":3,"minecraft:smooth_quartz":2,"tombstone:grave_dust":1,"minecraft:gilded_blackstone":2,"minecraft:gold_nugget":3,"minecraft:iron_axe":2,"minecraft:iron_pickaxe":2,"minecraft:bucket":1,"minecraft:string":2,"minecraft:trapped_chest":2,"minecraft:white_wool":3,"minecraft:bone":7,"minecraft:chiseled_quartz_block":3,"alexsmobs:animal_dictionary":1,"minecraft:cobblestone_wall":5,"minecraft:obsidian":2,"born_in_chaos_v1:ethereal_spirit":1,"minecraft:rotten_flesh":4,"biomesoplenty:redwood_planks":1,"minecraft:oak_planks":1,"minecraft:iron_boots":1,"minecraft:stone_stairs":4,"minecraft:light_gray_concrete":2,"minecraft:carrot":2,"patchouli:guide_book":1,"minecraft:filled_map":1,"minecraft:poppy":1,"supplementaries:ash":2,"minecraft:potato":2,"minecraft:flower_pot":1,"minecraft:spruce_planks":1,"minecraft:iron_chestplate":1,"apotheosis:gem":3,"minecraft:ladder":3,"minecraft:wooden_pickaxe":1,"minecraft:stone_pickaxe":1,"minecraft:quartz":2,"slashblade:proudsoul_tiny":1},"minecraft:used":{"minecraft:trident":90,"minecraft:flint_and_steel":20,"minecraft:shield":8,"minecraft:cooked_chicken":3,"minecraft:torch":4,"minecraft:diamond_helmet":1,"minecraft:iron_boots":1,"minecraft:diamond_chestplate":1,"minecraft:hay_block":1,"minecraft:sweet_berries":10,"minecraft:cooked_cod":1,"tombstone:gift":2,"minecraft:cooked_beef":1,"cardinal_sins:stone_greatsword":54,"minecraft:water_bucket":13,"minecraft:diamond_boots":1,"minecraft:stone_pickaxe":18,"minecraft:wooden_pickaxe":11,"minecraft:diamond_axe":8,"minecraft:crafting_table":4,"minecraft:red_bed":1,"minecraft:diamond_pickaxe":17,"minecraft:apple":1,"minecraft:bread":5,"minecraft:iron_pickaxe":12,"eternal_tales:black_tulip":3,"minecraft:stone_axe":61,"minecraft:cooked_porkchop":5,"minecraft:bucket":14},"minecraft:picked_up":{"minecraft:crafting_table":2,"minecraft:ladder":3,"minecraft:flower_pot":1,"minecraft:enchanted_book":3,"minecraft:gilded_blackstone":2,"ad_astra:sky_stone":2,"minecraft:iron_axe":1,"minecraft:red_bed":2,"minecraft:string":2,"minecraft:stone_stairs":4,"minecraft:item_frame":1,"minecraft:gold_nugget":3,"minecraft:spruce_planks":5,"minecraft:beef":6,"minecraft:iron_pickaxe":1,"minecraft:poppy":1,"minecraft:smooth_quartz":2,"biomesoplenty:redwood_wood":5,"minecraft:furnace":4,"apotheosis:gem":3,"born_in_chaos_v1:phantom_powder":3,"minecraft:torch":13,"minecraft:porkchop":7,"cardinal_sins:stone_greatsword":1,"minecraft:redstone":2,"minecraft:prismarine_crystals":2,"eternal_tales:poisonoil":1,"minecraft:arrow":3,"minecraft:rotten_flesh":4,"minecraft:hay_block":4,"eternal_tales:chlorine":1,"minecraft:gold_ingot":7,"supplementaries:ash":2,"minecraft:obsidian":2,"minecraft:cobblestone":6,"minecraft:iron_bars":1,"minecraft:white_wool":3,"eternal_tales:heart_et":3,"minecraft:cooked_beef":15,"minecraft:feather":3,"born_in_chaos_v1:monster_flesh":1,"minecraft:leather":2,"minecraft:chiseled_quartz_block":3,"minecraft:oak_log":42,"minecraft:cobblestone_wall":5,"eternal_tales:tea_seeds":3,"minecraft:cooked_mutton":5,"minecraft:bone":7,"minecraft:apple":1,"minecraft:bow":1,"minecraft:wheat_seeds":1,"minecraft:iron_ingot":15,"minecraft:cooked_chicken":3,"minecraft:cobweb":5,"minecraft:oak_planks":1,"minecraft:oak_slab":1,"minecraft:cooked_porkchop":7,"born_in_chaos_v1:ethereal_spirit":1,"minecraft:quartz":2,"minecraft:blast_furnace":1,"minecraft:trapped_chest":2,"minecraft:light_gray_concrete":2,"minecraft:diamond":6,"waystones:waystone":2,"eternal_tales:black_tulip":3,"minecraft:chainmail_helmet":1,"minecraft:emerald":2,"minecraft:coal":7}},"DataVersion":3465}