{"stats":{"minecraft:killed":{"minecraft:pig":3,"cardinal_sins:stonewarrior":1},"minecraft:mined":{"minecraft:grass":3,"minecraft:glass_pane":2,"minecraft:red_bed":1,"minecraft:cobweb":2,"minecraft:tall_grass":5,"biomesoplenty:redwood_wood":5,"minecraft:crafting_table":1},"minecraft:crafted":{"biomesoplenty:redwood_planks":4},"minecraft:custom":{"minecraft:open_barrel":16,"minecraft:time_since_rest":2559,"minecraft:open_chest":14,"minecraft:crouch_one_cm":86,"minecraft:walk_one_cm":43408,"minecraft:play_time":9568,"minecraft:sprint_one_cm":15838,"minecraft:damage_taken":1040,"minecraft:deaths":3,"minecraft:sneak_time":15,"minecraft:mob_kills":4,"minecraft:damage_dealt_resisted":0,"minecraft:jump":196,"minecraft:damage_dealt":2776,"minecraft:time_since_death":2704,"minecraft:walk_on_water_one_cm":426,"minecraft:climb_one_cm":1361,"minecraft:total_world_time":9568,"minecraft:interact_with_crafting_table":1,"minecraft:fall_one_cm":3623,"minecraft:fly_one_cm":39575},"minecraft:killed_by":{"minecraft:vindicator":1,"minecraft:zombie":1},"minecraft:used":{"cardinal_sins:stone_greatsword":4,"minecraft:trident":36,"minecraft:apple":1},"minecraft:picked_up":{"minecraft:crafting_table":1,"minecraft:apple":1,"minecraft:beef":6,"minecraft:porkchop":7,"biomesoplenty:redwood_wood":5,"cardinal_sins:stone_greatsword":1,"minecraft:string":2,"minecraft:red_bed":1}},"DataVersion":3465}