{"stats":{"minecraft:mined":{"biomesoplenty:sea_oats":3,"minecraft:grass_block":2,"biomesoplenty:redwood_leaves":3,"minecraft:sand":2,"minecraft:dirt":1,"biomesoplenty:redwood_wood":22,"minecraft:crafting_table":1,"minecraft:brown_bed":1},"minecraft:crafted":{"minecraft:wooden_sword":1,"biomesoplenty:redwood_boat":1,"minecraft:wooden_shovel":1,"minecraft:wooden_hoe":1,"biomesoplenty:redwood_door":3,"minecraft:crafting_table":1,"minecraft:stick":24,"biomesoplenty:redwood_planks":88,"minecraft:wooden_pickaxe":1,"minecraft:wooden_axe":1},"minecraft:custom":{"minecraft:open_chest":7,"minecraft:time_since_rest":11244,"minecraft:play_time":26637,"minecraft:sprint_one_cm":48720,"minecraft:damage_taken":55,"minecraft:walk_one_cm":118114,"minecraft:walk_under_water_one_cm":433,"minecraft:jump":206,"minecraft:leave_game":1,"minecraft:time_since_death":26637,"minecraft:walk_on_water_one_cm":2632,"minecraft:open_barrel":1,"minecraft:sleep_in_bed":2,"minecraft:climb_one_cm":1189,"minecraft:interact_with_cartography_table":1,"minecraft:total_world_time":26637,"minecraft:swim_one_cm":9996,"minecraft:interact_with_crafting_table":1,"minecraft:fall_one_cm":836,"minecraft:fly_one_cm":13325},"minecraft:used":{"minecraft:wooden_axe":2,"minecraft:dirt":3,"minecraft:crafting_table":1},"minecraft:picked_up":{"biomesoplenty:lavender":1,"minecraft:crafting_table":1,"minecraft:brown_bed":1,"minecraft:sand":2,"biomesoplenty:redwood_wood":22,"minecraft:dirt":3}},"DataVersion":3465}