{"stats":{"minecraft:mined":{"biomesoplenty:sea_oats":3,"minecraft:grass_block":2,"biomesoplenty:redwood_leaves":3,"minecraft:sand":2,"minecraft:dirt":1,"biomesoplenty:redwood_wood":22,"minecraft:crafting_table":1},"minecraft:crafted":{"minecraft:wooden_sword":1,"biomesoplenty:redwood_boat":1,"minecraft:wooden_shovel":1,"minecraft:wooden_hoe":1,"biomesoplenty:redwood_door":3,"minecraft:crafting_table":1,"minecraft:stick":24,"biomesoplenty:redwood_planks":88,"minecraft:wooden_pickaxe":1,"minecraft:wooden_axe":1},"minecraft:custom":{"minecraft:time_since_rest":3539,"minecraft:play_time":18932,"minecraft:sprint_one_cm":32227,"minecraft:damage_taken":10,"minecraft:walk_one_cm":74908,"minecraft:walk_under_water_one_cm":96,"minecraft:jump":101,"minecraft:leave_game":1,"minecraft:time_since_death":18932,"minecraft:walk_on_water_one_cm":830,"minecraft:sleep_in_bed":2,"minecraft:total_world_time":18932,"minecraft:swim_one_cm":5824,"minecraft:interact_with_crafting_table":1,"minecraft:fall_one_cm":209,"minecraft:fly_one_cm":8314},"minecraft:used":{"minecraft:wooden_axe":1,"minecraft:dirt":3,"minecraft:crafting_table":1},"minecraft:picked_up":{"biomesoplenty:lavender":1,"minecraft:crafting_table":1,"minecraft:sand":2,"biomesoplenty:redwood_wood":22,"minecraft:dirt":3}},"DataVersion":3465}