{"stats":{"minecraft:mined":{"biomesoplenty:sea_oats":3,"biomesoplenty:redwood_leaves":3,"biomesoplenty:redwood_wood":22},"minecraft:crafted":{"minecraft:crafting_table":1,"biomesoplenty:redwood_planks":88},"minecraft:custom":{"minecraft:jump":28,"minecraft:time_since_rest":6522,"minecraft:sprint_one_cm":3341,"minecraft:play_time":9240,"minecraft:time_since_death":9240,"minecraft:walk_one_cm":28593,"minecraft:sleep_in_bed":1,"minecraft:total_world_time":9240,"minecraft:fly_one_cm":1591},"minecraft:picked_up":{"biomesoplenty:redwood_wood":22}},"DataVersion":3465}