{"stats":{"minecraft:killed":{"alexsmobs:terrapin":1},"minecraft:mined":{"minecraft:white_bed":1,"minecraft:crafting_table":2,"minecraft:brown_bed":1,"biomesoplenty:sea_oats":3,"minecraft:grass":1,"minecraft:grass_block":2,"biomesoplenty:redwood_leaves":3,"minecraft:rose_bush":2,"minecraft:dirt":1,"minecraft:sand":2,"biomesoplenty:redwood_wood":22},"minecraft:crafted":{"minecraft:wooden_sword":1,"biomesoplenty:redwood_boat":1,"minecraft:wooden_shovel":1,"minecraft:wooden_hoe":1,"biomesoplenty:redwood_door":3,"minecraft:crafting_table":1,"minecraft:stick":24,"biomesoplenty:redwood_planks":88,"minecraft:wooden_pickaxe":1,"minecraft:wooden_axe":1,"minecraft:chest":5,"minecolonies:supplycampdeployer":1},"minecraft:custom":{"minecraft:time_since_rest":17244,"minecraft:sprint_one_cm":49347,"minecraft:damage_taken":55,"minecraft:walk_one_cm":196327,"minecraft:mob_kills":1,"minecraft:damage_dealt":100,"minecraft:interact_with_crafting_table":2,"minecraft:swim_one_cm":9996,"minecraft:interact_with_cartography_table":1,"minecraft:fly_one_cm":15754,"minecraft:open_barrel":1,"minecraft:open_chest":9,"minecraft:play_time":32637,"minecraft:walk_under_water_one_cm":8166,"minecraft:jump":261,"minecraft:leave_game":1,"minecraft:walk_on_water_one_cm":7140,"minecraft:time_since_death":32637,"minecraft:sleep_in_bed":2,"minecraft:total_world_time":32637,"minecraft:climb_one_cm":1189,"minecraft:fall_one_cm":2206},"minecraft:used":{"minecraft:wooden_axe":3,"minecraft:wooden_sword":10,"minecraft:dirt":3,"minecraft:crafting_table":2},"minecraft:picked_up":{"biomesoplenty:lavender":1,"minecraft:crafting_table":2,"minecraft:brown_bed":1,"minecraft:sand":2,"minecraft:white_bed":1,"minecraft:dirt":3,"minecraft:rose_bush":2,"biomesoplenty:redwood_wood":22}},"DataVersion":3465}