{
  "create:root": {
    "criteria": {
      "0": "2024-08-18 18:43:30 +0000"
    },
    "done": true
  },
  "slashblade:movesets": {
    "criteria": {
      "crafting": "2024-08-18 18:43:30 +0000"
    },
    "done": true
  },
  "eternal_tales:eternal_tales_ach": {
    "criteria": {
      "eternal_tales_ach_0": "2024-08-18 18:43:30 +0000"
    },
    "done": true
  },
  "minecraft:recipes/decorations/crafting_table": {
    "criteria": {
      "unlock_right_away": "2024-08-18 18:43:31 +0000"
    },
    "done": true
  },
  "mekanism:root": {
    "criteria": {
      "automatic": "2024-08-18 18:43:31 +0000"
    },
    "done": true
  },
  "iceandfire:iceandfire/root": {
    "criteria": {
      "tick": "2024-08-18 18:43:31 +0000"
    },
    "done": true
  },
  "betterdungeons:root": {
    "criteria": {
      "always": "2024-08-18 18:43:31 +0000"
    },
    "done": true
  },
  "morevillagers:root": {
    "criteria": {
      "always": "2024-08-18 18:43:31 +0000"
    },
    "done": true
  },
  "undead_revamp2:theundeadchallenges": {
    "criteria": {
      "theundeadchallenges": "2024-08-18 18:43:31 +0000"
    },
    "done": true
  },
  "mowziesmobs:root": {
    "criteria": {
      "custom_test_name": "2024-08-18 18:43:31 +0000"
    },
    "done": true
  },
  "incendium:technical/new_player": {
    "criteria": {
      "requirement": "2024-08-18 18:43:31 +0000"
    },
    "done": true
  },
  "dungeons_arise:wda_root": {
    "criteria": {
      "WDA": "2024-08-18 18:43:31 +0000"
    },
    "done": true
  },
  "apotheosis:give_book": {
    "criteria": {
      "tick": "2024-08-18 18:43:31 +0000"
    },
    "done": true
  },
  "occultism:occultism/root": {
    "criteria": {
      "occultism_present": "2024-08-18 18:43:31 +0000"
    },
    "done": true
  },
  "integrated_villages:integrated_villages_root": {
    "criteria": {
      "always": "2024-08-18 18:43:31 +0000"
    },
    "done": true
  },
  "biomesoplenty:biomesoplenty/root": {
    "criteria": {
      "lavender_field": "2024-08-18 18:43:32 +0000"
    },
    "done": true
  },
  "incendium:technical/using/ragnarok": {
    "criteria": {
      "log_spam_fixer": "2024-08-18 18:43:32 +0000"
    },
    "done": false
  },
  "incendium:technical/using/shield": {
    "criteria": {
      "log_spam_fixer": "2024-08-18 18:43:32 +0000"
    },
    "done": false
  },
  "tombstone:adventure/root": {
    "criteria": {
      "auto": "2024-08-18 18:43:32 +0000"
    },
    "done": true
  },
  "biomesoplenty:biomesoplenty/all_biomes": {
    "criteria": {
      "clover_patch": "2024-08-18 18:54:21 +0000",
      "orchard": "2024-08-18 18:54:10 +0000",
      "redwood_forest": "2024-08-18 18:47:56 +0000",
      "dune_beach": "2024-08-18 18:44:25 +0000",
      "lavender_field": "2024-08-18 18:43:32 +0000"
    },
    "done": false
  },
  "incendium:technical/scroll_of_returning": {
    "criteria": {
      "log_spam_fixer": "2024-08-18 18:43:32 +0000"
    },
    "done": false
  },
  "incendium:technical/using/trailblazer": {
    "criteria": {
      "log_spam_fixer": "2024-08-18 18:43:32 +0000"
    },
    "done": false
  },
  "deeperdarker:recipes/transportation/echo_boat": {
    "criteria": {
      "in_water": "2024-08-18 18:45:12 +0000"
    },
    "done": true
  },
  "biomesoplenty:recipes/transportation/willow_boat": {
    "criteria": {
      "in_water": "2024-08-18 18:45:12 +0000"
    },
    "done": true
  },
  "aether:recipes/transportation/skyroot_boat": {
    "criteria": {
      "in_water": "2024-08-18 18:45:12 +0000"
    },
    "done": true
  },
  "minecraft:recipes/transportation/cherry_boat": {
    "criteria": {
      "in_water": "2024-08-18 18:45:12 +0000"
    },
    "done": true
  },
  "biomesoplenty:recipes/transportation/dead_boat": {
    "criteria": {
      "in_water": "2024-08-18 18:45:12 +0000"
    },
    "done": true
  },
  "biomesoplenty:recipes/transportation/magic_boat": {
    "criteria": {
      "in_water": "2024-08-18 18:45:12 +0000"
    },
    "done": true
  },
  "minecraft:recipes/transportation/acacia_boat": {
    "criteria": {
      "in_water": "2024-08-18 18:45:12 +0000"
    },
    "done": true
  },
  "minecraft:recipes/transportation/jungle_boat": {
    "criteria": {
      "in_water": "2024-08-18 18:45:12 +0000"
    },
    "done": true
  },
  "biomesoplenty:recipes/transportation/fir_boat": {
    "criteria": {
      "in_water": "2024-08-18 18:45:12 +0000"
    },
    "done": true
  },
  "minecraft:recipes/transportation/spruce_boat": {
    "criteria": {
      "in_water": "2024-08-18 18:45:12 +0000"
    },
    "done": true
  },
  "biomesoplenty:recipes/transportation/redwood_boat": {
    "criteria": {
      "in_water": "2024-08-18 18:45:12 +0000"
    },
    "done": true
  },
  "minecraft:recipes/transportation/mangrove_boat": {
    "criteria": {
      "in_water": "2024-08-18 18:45:12 +0000"
    },
    "done": true
  },
  "biomesoplenty:recipes/transportation/hellbark_boat": {
    "criteria": {
      "in_water": "2024-08-18 18:45:12 +0000"
    },
    "done": true
  },
  "biomesoplenty:recipes/transportation/jacaranda_boat": {
    "criteria": {
      "in_water": "2024-08-18 18:45:12 +0000"
    },
    "done": true
  },
  "biomesoplenty:recipes/transportation/palm_boat": {
    "criteria": {
      "in_water": "2024-08-18 18:45:12 +0000"
    },
    "done": true
  },
  "minecraft:recipes/transportation/dark_oak_boat": {
    "criteria": {
      "in_water": "2024-08-18 18:45:12 +0000"
    },
    "done": true
  },
  "biomesoplenty:recipes/transportation/umbran_boat": {
    "criteria": {
      "in_water": "2024-08-18 18:45:12 +0000"
    },
    "done": true
  },
  "minecraft:recipes/transportation/bamboo_raft": {
    "criteria": {
      "in_water": "2024-08-18 18:45:12 +0000"
    },
    "done": true
  },
  "minecraft:recipes/transportation/birch_boat": {
    "criteria": {
      "in_water": "2024-08-18 18:45:12 +0000"
    },
    "done": true
  },
  "minecraft:recipes/transportation/oak_boat": {
    "criteria": {
      "in_water": "2024-08-18 18:45:12 +0000"
    },
    "done": true
  },
  "biomesoplenty:recipes/transportation/mahogany_boat": {
    "criteria": {
      "in_water": "2024-08-18 18:45:12 +0000"
    },
    "done": true
  },
  "minecraft:adventure/sleep_in_bed": {
    "criteria": {
      "slept_in_bed": "2024-08-18 18:45:27 +0000"
    },
    "done": true
  },
  "biomesoplenty:recipes/building_blocks/redwood_planks": {
    "criteria": {
      "has_logs": "2024-08-18 18:48:00 +0000"
    },
    "done": true
  },
  "immersive_armors:recipes/misc/wooden": {
    "criteria": {
      "has_item": "2024-08-18 18:48:00 +0000"
    },
    "done": true
  },
  "domum_ornamentum:recipes/tools/architectscutter": {
    "criteria": {
      "has_log": "2024-08-18 18:48:00 +0000"
    },
    "done": true
  },
  "minecraft:recipes/misc/charcoal": {
    "criteria": {
      "has_log": "2024-08-18 18:48:00 +0000"
    },
    "done": true
  },
  "securitycraft:recipes/misc/sc_manual": {
    "criteria": {
      "has_wood": "2024-08-18 18:48:00 +0000"
    },
    "done": true
  },
  "biomesoplenty:recipes/redstone/redwood_trapdoor": {
    "criteria": {
      "has_planks": "2024-08-18 18:50:27 +0000"
    },
    "done": true
  },
  "minecraft:recipes/misc/stick": {
    "criteria": {
      "has_planks": "2024-08-18 18:50:27 +0000"
    },
    "done": true
  },
  "biomesoplenty:recipes/decorations/redwood_sign": {
    "criteria": {
      "has_redwood_planks": "2024-08-18 18:50:27 +0000"
    },
    "done": true
  },
  "biomesoplenty:recipes/redstone/redwood_fence_gate": {
    "criteria": {
      "has_planks": "2024-08-18 18:50:27 +0000"
    },
    "done": true
  },
  "supplementaries:recipes/turn_table": {
    "criteria": {
      "minecraft:planks": "2024-08-18 18:50:27 +0000"
    },
    "done": true
  },
  "domum_ornamentum:recipes/building_blocks/blockbarreldeco_onside": {
    "criteria": {
      "has_planks": "2024-08-18 18:50:27 +0000"
    },
    "done": true
  },
  "supplementaries:recipes/bed_from_feather_block": {
    "criteria": {
      "minecraft:planks": "2024-08-18 18:50:27 +0000"
    },
    "done": true
  },
  "iceandfire:recipes/misc/earplugs": {
    "criteria": {
      "has_item": "2024-08-18 18:50:27 +0000"
    },
    "done": true
  },
  "biomesoplenty:recipes/decorations/redwood_fence": {
    "criteria": {
      "has_planks": "2024-08-18 18:50:27 +0000"
    },
    "done": true
  },
  "supplementaries:recipes/notice_board": {
    "criteria": {
      "minecraft:planks": "2024-08-18 18:50:27 +0000"
    },
    "done": true
  },
  "biomesoplenty:recipes/redstone/redwood_pressure_plate": {
    "criteria": {
      "has_planks": "2024-08-18 18:50:27 +0000"
    },
    "done": true
  },
  "domum_ornamentum:recipes/building_blocks/blockbarreldeco_standing": {
    "criteria": {
      "has_planks": "2024-08-18 18:50:27 +0000"
    },
    "done": true
  },
  "supplementaries:recipes/lock_block": {
    "criteria": {
      "minecraft:planks": "2024-08-18 18:50:27 +0000"
    },
    "done": true
  },
  "supplementaries:recipes/clock_block": {
    "criteria": {
      "minecraft:planks": "2024-08-18 18:50:27 +0000"
    },
    "done": true
  },
  "minecraft:recipes/decorations/barrel": {
    "criteria": {
      "has_planks": "2024-08-18 18:50:27 +0000"
    },
    "done": true
  },
  "biomesoplenty:recipes/redstone/redwood_button": {
    "criteria": {
      "has_planks": "2024-08-18 18:50:27 +0000"
    },
    "done": true
  },
  "supplementaries:recipes/speaker_block": {
    "criteria": {
      "minecraft:planks": "2024-08-18 18:50:27 +0000"
    },
    "done": true
  },
  "supplementaries:recipes/decorations/biomesoplenty/sign_post_redwood": {
    "criteria": {
      "has_planks": "2024-08-18 18:50:27 +0000"
    },
    "done": true
  },
  "biomesoplenty:recipes/redstone/redwood_door": {
    "criteria": {
      "has_planks": "2024-08-18 18:50:27 +0000"
    },
    "done": true
  },
  "biomesoplenty:recipes/building_blocks/redwood_slab": {
    "criteria": {
      "has_planks": "2024-08-18 18:50:27 +0000"
    },
    "done": true
  },
  "biomesoplenty:recipes/building_blocks/redwood_stairs": {
    "criteria": {
      "has_planks": "2024-08-18 18:50:27 +0000"
    },
    "done": true
  },
  "supplementaries:recipes/pulley": {
    "criteria": {
      "minecraft:planks": "2024-08-18 18:50:27 +0000"
    },
    "done": true
  },
  "create:recipes/misc/crafting/appliances/crafting_blueprint": {
    "criteria": {
      "has_item": "2024-08-18 18:50:41 +0000"
    },
    "done": true
  },
  "minecraft:story/root": {
    "criteria": {
      "crafting_table": "2024-08-18 18:50:41 +0000"
    },
    "done": true
  },
  "eternal_tales:get_any_skill_boost_effect": {
    "criteria": {
      "get_any_skill_boost_effect_0": "2024-08-18 18:50:52 +0000"
    },
    "done": true
  },
  "morevillagers:recipes/gardening_table": {
    "criteria": {
      "has_flower": "2024-08-18 18:52:04 +0000"
    },
    "done": true
  },
  "biomesoplenty:recipes/misc/purple_dye_from_lavender": {
    "criteria": {
      "has_flower": "2024-08-18 18:52:04 +0000"
    },
    "done": true
  },
  "supplementaries:recipes/flower_box": {
    "criteria": {
      "has_dirt": "2024-08-18 18:52:05 +0000"
    },
    "done": true
  },
  "minecraft:adventure/adventuring_time": {
    "criteria": {
      "minecraft:beach": "2024-08-18 18:52:39 +0000",
      "minecraft:river": "2024-08-18 19:05:22 +0000",
      "minecraft:plains": "2024-08-18 19:07:29 +0000"
    },
    "done": false
  },
  "minecraft:recipes/building_blocks/lime_concrete_powder": {
    "criteria": {
      "has_sand": "2024-08-18 18:53:03 +0000"
    },
    "done": true
  },
  "minecraft:recipes/building_blocks/magenta_concrete_powder": {
    "criteria": {
      "has_sand": "2024-08-18 18:53:03 +0000"
    },
    "done": true
  },
  "minecraft:recipes/building_blocks/black_concrete_powder": {
    "criteria": {
      "has_sand": "2024-08-18 18:53:03 +0000"
    },
    "done": true
  },
  "domum_ornamentum:recipes/tools/sand_stone_bricks": {
    "criteria": {
      "has_item1_domum_ornamentum_sand_stone_bricks": "2024-08-18 18:53:03 +0000",
      "has_item2_domum_ornamentum_sand_stone_bricks": "2024-08-18 18:53:03 +0000"
    },
    "done": true
  },
  "minecraft:recipes/building_blocks/cyan_concrete_powder": {
    "criteria": {
      "has_sand": "2024-08-18 18:53:03 +0000"
    },
    "done": true
  },
  "minecraft:recipes/building_blocks/pink_concrete_powder": {
    "criteria": {
      "has_sand": "2024-08-18 18:53:03 +0000"
    },
    "done": true
  },
  "minecraft:recipes/building_blocks/white_concrete_powder": {
    "criteria": {
      "has_sand": "2024-08-18 18:53:03 +0000"
    },
    "done": true
  },
  "minecraft:recipes/building_blocks/yellow_concrete_powder": {
    "criteria": {
      "has_sand": "2024-08-18 18:53:03 +0000"
    },
    "done": true
  },
  "minecraft:recipes/building_blocks/sandstone": {
    "criteria": {
      "has_sand": "2024-08-18 18:53:03 +0000"
    },
    "done": true
  },
  "minecraft:recipes/building_blocks/red_concrete_powder": {
    "criteria": {
      "has_sand": "2024-08-18 18:53:03 +0000"
    },
    "done": true
  },
  "minecraft:recipes/building_blocks/green_concrete_powder": {
    "criteria": {
      "has_sand": "2024-08-18 18:53:03 +0000"
    },
    "done": true
  },
  "minecraft:recipes/building_blocks/blue_concrete_powder": {
    "criteria": {
      "has_sand": "2024-08-18 18:53:03 +0000"
    },
    "done": true
  },
  "minecraft:recipes/building_blocks/orange_concrete_powder": {
    "criteria": {
      "has_sand": "2024-08-18 18:53:03 +0000"
    },
    "done": true
  },
  "minecraft:recipes/building_blocks/purple_concrete_powder": {
    "criteria": {
      "has_sand": "2024-08-18 18:53:03 +0000"
    },
    "done": true
  },
  "minecraft:recipes/building_blocks/light_gray_concrete_powder": {
    "criteria": {
      "has_sand": "2024-08-18 18:53:03 +0000"
    },
    "done": true
  },
  "minecraft:recipes/building_blocks/brown_concrete_powder": {
    "criteria": {
      "has_sand": "2024-08-18 18:53:03 +0000"
    },
    "done": true
  },
  "minecraft:recipes/building_blocks/light_blue_concrete_powder": {
    "criteria": {
      "has_sand": "2024-08-18 18:53:03 +0000"
    },
    "done": true
  },
  "minecraft:recipes/building_blocks/glass": {
    "criteria": {
      "has_smelts_to_glass": "2024-08-18 18:53:03 +0000"
    },
    "done": true
  },
  "minecraft:recipes/building_blocks/gray_concrete_powder": {
    "criteria": {
      "has_sand": "2024-08-18 18:53:03 +0000"
    },
    "done": true
  },
  "domum_ornamentum:recipes/tools/sand_bricks": {
    "criteria": {
      "has_item2_domum_ornamentum_sand_bricks": "2024-08-18 18:53:03 +0000",
      "has_item1_domum_ornamentum_sand_bricks": "2024-08-18 18:53:03 +0000"
    },
    "done": true
  },
  "biomesoplenty:recipes/transportation/jacaranda_chest_boat": {
    "criteria": {
      "has_boat": "2024-08-18 18:56:38 +0000"
    },
    "done": true
  },
  "minecraft:recipes/transportation/spruce_chest_boat": {
    "criteria": {
      "has_boat": "2024-08-18 18:56:38 +0000"
    },
    "done": true
  },
  "minecraft:recipes/transportation/mangrove_chest_boat": {
    "criteria": {
      "has_boat": "2024-08-18 18:56:38 +0000"
    },
    "done": true
  },
  "biomesoplenty:recipes/transportation/fir_chest_boat": {
    "criteria": {
      "has_boat": "2024-08-18 18:56:38 +0000"
    },
    "done": true
  },
  "minecraft:recipes/transportation/oak_chest_boat": {
    "criteria": {
      "has_boat": "2024-08-18 18:56:38 +0000"
    },
    "done": true
  },
  "biomesoplenty:recipes/transportation/umbran_chest_boat": {
    "criteria": {
      "has_boat": "2024-08-18 18:56:38 +0000"
    },
    "done": true
  },
  "biomesoplenty:recipes/transportation/willow_chest_boat": {
    "criteria": {
      "has_boat": "2024-08-18 18:56:38 +0000"
    },
    "done": true
  },
  "supplementaries:recipes/boat_jar": {
    "criteria": {
      "minecraft:boats": "2024-08-18 18:56:38 +0000"
    },
    "done": true
  },
  "biomesoplenty:recipes/transportation/redwood_chest_boat": {
    "criteria": {
      "has_boat": "2024-08-18 18:56:38 +0000"
    },
    "done": true
  },
  "minecraft:recipes/transportation/dark_oak_chest_boat": {
    "criteria": {
      "has_boat": "2024-08-18 18:56:38 +0000"
    },
    "done": true
  },
  "minecraft:recipes/transportation/jungle_chest_boat": {
    "criteria": {
      "has_boat": "2024-08-18 18:56:38 +0000"
    },
    "done": true
  },
  "biomesoplenty:recipes/transportation/palm_chest_boat": {
    "criteria": {
      "has_boat": "2024-08-18 18:56:38 +0000"
    },
    "done": true
  },
  "deeperdarker:recipes/transportation/echo_chest_boat": {
    "criteria": {
      "has_boat": "2024-08-18 18:56:38 +0000"
    },
    "done": true
  },
  "minecraft:recipes/transportation/bamboo_chest_raft": {
    "criteria": {
      "has_boat": "2024-08-18 18:56:38 +0000"
    },
    "done": true
  },
  "biomesoplenty:recipes/transportation/hellbark_chest_boat": {
    "criteria": {
      "has_boat": "2024-08-18 18:56:38 +0000"
    },
    "done": true
  },
  "minecraft:recipes/transportation/acacia_chest_boat": {
    "criteria": {
      "has_boat": "2024-08-18 18:56:38 +0000"
    },
    "done": true
  },
  "biomesoplenty:recipes/transportation/magic_chest_boat": {
    "criteria": {
      "has_boat": "2024-08-18 18:56:38 +0000"
    },
    "done": true
  },
  "minecolonies:recipes/misc/supplychestdeployer": {
    "criteria": {
      "has_boat": "2024-08-18 18:56:38 +0000"
    },
    "done": true
  },
  "minecraft:recipes/transportation/cherry_chest_boat": {
    "criteria": {
      "has_boat": "2024-08-18 18:56:38 +0000"
    },
    "done": true
  },
  "minecraft:recipes/transportation/birch_chest_boat": {
    "criteria": {
      "has_boat": "2024-08-18 18:56:38 +0000"
    },
    "done": true
  },
  "biomesoplenty:recipes/transportation/dead_chest_boat": {
    "criteria": {
      "has_boat": "2024-08-18 18:56:38 +0000"
    },
    "done": true
  },
  "biomesoplenty:recipes/transportation/mahogany_chest_boat": {
    "criteria": {
      "has_boat": "2024-08-18 18:56:38 +0000"
    },
    "done": true
  },
  "aether:recipes/transportation/skyroot_chest_boat": {
    "criteria": {
      "has_boat": "2024-08-18 18:56:38 +0000"
    },
    "done": true
  },
  "minecraft:recipes/decorations/ladder": {
    "criteria": {
      "has_stick": "2024-08-18 18:56:44 +0000"
    },
    "done": true
  },
  "phantasm:recipes/tools/crystalline_shovel": {
    "criteria": {
      "has_stick": "2024-08-18 18:56:44 +0000"
    },
    "done": true
  },
  "supplementaries:recipes/flags/flag_magenta": {
    "criteria": {
      "has_stick": "2024-08-18 18:56:44 +0000"
    },
    "done": true
  },
  "minecraft:recipes/tools/wooden_axe": {
    "criteria": {
      "has_stick": "2024-08-18 18:56:44 +0000"
    },
    "done": true
  },
  "supplementaries:recipes/daub_cross_brace": {
    "criteria": {
      "forge:rods/wooden": "2024-08-18 18:56:44 +0000"
    },
    "done": true
  },
  "minecraft:recipes/decorations/campfire": {
    "criteria": {
      "has_stick": "2024-08-18 18:56:44 +0000"
    },
    "done": true
  },
  "supplementaries:recipes/timber_brace": {
    "criteria": {
      "forge:rods/wooden": "2024-08-18 18:56:44 +0000"
    },
    "done": true
  },
  "supplementaries:recipes/flags/flag_black": {
    "criteria": {
      "has_stick": "2024-08-18 18:56:44 +0000"
    },
    "done": true
  },
  "minecraft:recipes/combat/wooden_sword": {
    "criteria": {
      "has_stick": "2024-08-18 18:56:44 +0000"
    },
    "done": true
  },
  "supplementaries:recipes/flags/flag_green": {
    "criteria": {
      "has_stick": "2024-08-18 18:56:44 +0000"
    },
    "done": true
  },
  "supplementaries:recipes/flags/flag_purple": {
    "criteria": {
      "has_stick": "2024-08-18 18:56:44 +0000"
    },
    "done": true
  },
  "supplementaries:recipes/flags/flag_white": {
    "criteria": {
      "has_stick": "2024-08-18 18:56:44 +0000"
    },
    "done": true
  },
  "phantasm:recipes/tools/crystalline_axe": {
    "criteria": {
      "has_stick": "2024-08-18 18:56:44 +0000"
    },
    "done": true
  },
  "supplementaries:recipes/timber_cross_brace": {
    "criteria": {
      "forge:rods/wooden": "2024-08-18 18:56:44 +0000"
    },
    "done": true
  },
  "supplementaries:recipes/flags/flag_gray": {
    "criteria": {
      "has_stick": "2024-08-18 18:56:44 +0000"
    },
    "done": true
  },
  "supplementaries:recipes/faucet": {
    "criteria": {
      "forge:rods/wooden": "2024-08-18 18:56:44 +0000"
    },
    "done": true
  },
  "phantasm:recipes/combat/crystalline_sword": {
    "criteria": {
      "has_stick": "2024-08-18 18:56:44 +0000"
    },
    "done": true
  },
  "supplementaries:recipes/flags/flag_light_blue": {
    "criteria": {
      "has_stick": "2024-08-18 18:56:44 +0000"
    },
    "done": true
  },
  "supplementaries:recipes/daub_brace": {
    "criteria": {
      "forge:rods/wooden": "2024-08-18 18:56:44 +0000"
    },
    "done": true
  },
  "minecraft:recipes/tools/wooden_pickaxe": {
    "criteria": {
      "has_stick": "2024-08-18 18:56:44 +0000"
    },
    "done": true
  },
  "supplementaries:recipes/flags/flag_cyan": {
    "criteria": {
      "has_stick": "2024-08-18 18:56:44 +0000"
    },
    "done": true
  },
  "supplementaries:recipes/flags/flag_red": {
    "criteria": {
      "has_stick": "2024-08-18 18:56:44 +0000"
    },
    "done": true
  },
  "securitycraft:recipes/misc/motion_activated_light": {
    "criteria": {
      "has_stick": "2024-08-18 18:56:44 +0000"
    },
    "done": true
  },
  "supplementaries:recipes/crank": {
    "criteria": {
      "forge:rods/wooden": "2024-08-18 18:56:44 +0000"
    },
    "done": true
  },
  "supplementaries:recipes/flags/flag_orange": {
    "criteria": {
      "has_stick": "2024-08-18 18:56:44 +0000"
    },
    "done": true
  },
  "portablemobs:recipes/misc/basic_capture_cell": {
    "criteria": {
      "recipe_condition": "2024-08-18 18:56:44 +0000"
    },
    "done": true
  },
  "supplementaries:recipes/flags/flag_pink": {
    "criteria": {
      "has_stick": "2024-08-18 18:56:44 +0000"
    },
    "done": true
  },
  "supplementaries:recipes/timber_frame": {
    "criteria": {
      "forge:rods/wooden": "2024-08-18 18:56:44 +0000"
    },
    "done": true
  },
  "minecraft:recipes/tools/wooden_hoe": {
    "criteria": {
      "has_stick": "2024-08-18 18:56:44 +0000"
    },
    "done": true
  },
  "securitycraft:recipes/misc/sonic_security_system": {
    "criteria": {
      "has_stick": "2024-08-18 18:56:44 +0000"
    },
    "done": true
  },
  "supplementaries:recipes/slingshot": {
    "criteria": {
      "forge:rods/wooden": "2024-08-18 18:56:44 +0000"
    },
    "done": true
  },
  "phantasm:recipes/tools/crystalline_hoe": {
    "criteria": {
      "has_stick": "2024-08-18 18:56:44 +0000"
    },
    "done": true
  },
  "minecraft:recipes/tools/wooden_shovel": {
    "criteria": {
      "has_stick": "2024-08-18 18:56:44 +0000"
    },
    "done": true
  },
  "supplementaries:recipes/flags/flag_brown": {
    "criteria": {
      "has_stick": "2024-08-18 18:56:44 +0000"
    },
    "done": true
  },
  "minecolonies:recipes/misc/shapetool": {
    "criteria": {
      "has_stick": "2024-08-18 18:56:44 +0000"
    },
    "done": true
  },
  "phantasm:recipes/tools/crystalline_pickaxe": {
    "criteria": {
      "has_stick": "2024-08-18 18:56:44 +0000"
    },
    "done": true
  },
  "supplementaries:recipes/flags/flag_blue": {
    "criteria": {
      "has_stick": "2024-08-18 18:56:44 +0000"
    },
    "done": true
  },
  "supplementaries:recipes/daub_frame": {
    "criteria": {
      "forge:rods/wooden": "2024-08-18 18:56:44 +0000"
    },
    "done": true
  },
  "supplementaries:recipes/flags/flag_yellow": {
    "criteria": {
      "has_stick": "2024-08-18 18:56:44 +0000"
    },
    "done": true
  },
  "supplementaries:recipes/flags/flag_light_gray": {
    "criteria": {
      "has_stick": "2024-08-18 18:56:44 +0000"
    },
    "done": true
  },
  "supplementaries:recipes/flags/flag_lime": {
    "criteria": {
      "has_stick": "2024-08-18 18:56:44 +0000"
    },
    "done": true
  },
  "minecraft:recipes/decorations/chest": {
    "criteria": {
      "has_lots_of_items": "2024-08-18 18:56:50 +0000"
    },
    "done": true
  },
  "aether:recipes/decorations/skyroot_chest": {
    "criteria": {
      "has_lots_of_items": "2024-08-18 18:56:50 +0000"
    },
    "done": true
  },
  "aether:recipes/tools/wooden_shovel_repairing": {
    "criteria": {
      "has_wooden_shovel": "2024-08-18 18:56:50 +0000"
    },
    "done": true
  },
  "slashblade:recipes/combat/slashblade_wood": {
    "criteria": {
      "has_wooden_sword": "2024-08-18 18:56:53 +0000"
    },
    "done": true
  },
  "aether:recipes/combat/wooden_sword_repairing": {
    "criteria": {
      "has_wooden_sword": "2024-08-18 18:56:53 +0000"
    },
    "done": true
  },
  "aether:recipes/tools/wooden_hoe_repairing": {
    "criteria": {
      "has_wooden_hoe": "2024-08-18 18:56:57 +0000"
    },
    "done": true
  },
  "aether:recipes/tools/wooden_pickaxe_repairing": {
    "criteria": {
      "has_wooden_pickaxe": "2024-08-18 18:57:00 +0000"
    },
    "done": true
  },
  "aether:recipes/tools/wooden_axe_repairing": {
    "criteria": {
      "has_wooden_axe": "2024-08-18 18:57:03 +0000"
    },
    "done": true
  },
  "pneumaticcraft:recipes/misc/pressure_chamber_interface": {
    "criteria": {
      "has_ingot_iron_compressed": "2024-08-18 19:09:54 +0000"
    },
    "done": true
  },
  "pneumaticcraft:recipes/misc/wall_lamp_orange": {
    "criteria": {
      "has_ingot_iron_compressed": "2024-08-18 19:09:54 +0000"
    },
    "done": true
  },
  "pneumaticcraft:recipes/misc/wall_lamp_inverted_red": {
    "criteria": {
      "has_ingot_iron_compressed": "2024-08-18 19:09:54 +0000"
    },
    "done": true
  },
  "pneumaticcraft:recipes/misc/stone_base": {
    "criteria": {
      "has_ingot_iron_compressed": "2024-08-18 19:09:54 +0000"
    },
    "done": true
  },
  "pneumaticcraft:recipes/misc/thermal_compressor": {
    "criteria": {
      "has_ingot_iron_compressed": "2024-08-18 19:09:54 +0000"
    },
    "done": true
  },
  "pneumaticcraft:recipes/misc/compressed_stone_from_slab": {
    "criteria": {
      "has_ingot_iron_compressed": "2024-08-18 19:09:54 +0000"
    },
    "done": true
  },
  "pneumaticcraft:recipes/building_blocks/compressed_brick_tile_from_bricks_stonecutting": {
    "criteria": {
      "has_compressed_stone": "2024-08-18 19:09:50 +0000"
    },
    "done": true
  },
  "pneumaticcraft:recipes/misc/reinforced_brick_slab": {
    "criteria": {
      "has_ingot_iron_compressed": "2024-08-18 19:09:54 +0000"
    },
    "done": true
  },
  "pneumaticcraft:recipes/misc/wall_lamp_inverted_blue": {
    "criteria": {
      "has_ingot_iron_compressed": "2024-08-18 19:09:54 +0000"
    },
    "done": true
  },
  "pneumaticcraft:recipes/misc/wall_lamp_inverted_lime": {
    "criteria": {
      "has_ingot_iron_compressed": "2024-08-18 19:09:54 +0000"
    },
    "done": true
  },
  "pneumaticcraft:recipes/misc/wall_lamp_inverted_yellow": {
    "criteria": {
      "has_ingot_iron_compressed": "2024-08-18 19:09:54 +0000"
    },
    "done": true
  },
  "pneumaticcraft:recipes/misc/thermostat_module": {
    "criteria": {
      "has_ingot_iron_compressed": "2024-08-18 19:09:54 +0000"
    },
    "done": true
  },
  "occultism:recipes/spirit_trade/spirit_trade/stone_to_otherstone": {
    "criteria": {
      "has_stone": "2024-08-18 19:09:50 +0000"
    },
    "done": true
  },
  "pneumaticcraft:recipes/misc/vortex_tube": {
    "criteria": {
      "has_ingot_iron_compressed": "2024-08-18 19:09:54 +0000"
    },
    "done": true
  },
  "pneumaticcraft:recipes/misc/thermopneumatic_processing_plant": {
    "criteria": {
      "has_ingot_iron_compressed": "2024-08-18 19:09:54 +0000"
    },
    "done": true
  },
  "pneumaticcraft:recipes/misc/reinforced_stone_from_slab": {
    "criteria": {
      "has_ingot_iron_compressed": "2024-08-18 19:09:54 +0000"
    },
    "done": true
  },
  "supplementaries:recipes/bubble_blower": {
    "criteria": {
      "has_iron_nugget": "2024-08-18 19:09:47 +0000"
    },
    "done": true
  },
  "pneumaticcraft:recipes/misc/liquid_hopper": {
    "criteria": {
      "has_ingot_iron_compressed": "2024-08-18 19:09:54 +0000"
    },
    "done": true
  },
  "pneumaticcraft:recipes/misc/compressed_bricks": {
    "criteria": {
      "has_ingot_iron_compressed": "2024-08-18 19:09:54 +0000"
    },
    "done": true
  },
  "pneumaticcraft:recipes/misc/wall_lamp_inverted_light_gray": {
    "criteria": {
      "has_ingot_iron_compressed": "2024-08-18 19:09:54 +0000"
    },
    "done": true
  },
  "pneumaticcraft:recipes/misc/wall_lamp_gray": {
    "criteria": {
      "has_ingot_iron_compressed": "2024-08-18 19:09:54 +0000"
    },
    "done": true
  },
  "pneumaticcraft:recipes/building_blocks/compressed_brick_wall_from_bricks_stonecutting": {
    "criteria": {
      "has_compressed_stone": "2024-08-18 19:09:50 +0000"
    },
    "done": true
  },
  "pneumaticcraft:recipes/misc/compressed_brick_pillar": {
    "criteria": {
      "has_ingot_iron_compressed": "2024-08-18 19:09:54 +0000"
    },
    "done": true
  },
  "pneumaticcraft:recipes/misc/redstone_module": {
    "criteria": {
      "has_ingot_iron_compressed": "2024-08-18 19:09:54 +0000"
    },
    "done": true
  },
  "pneumaticcraft:recipes/misc/compressed_iron_boots": {
    "criteria": {
      "has_ingot_iron_compressed": "2024-08-18 19:09:54 +0000"
    },
    "done": true
  },
  "pneumaticcraft:recipes/misc/reinforced_bricks": {
    "criteria": {
      "has_ingot_iron_compressed": "2024-08-18 19:09:54 +0000"
    },
    "done": true
  },
  "pneumaticcraft:recipes/misc/wall_lamp_light_blue": {
    "criteria": {
      "has_ingot_iron_compressed": "2024-08-18 19:09:54 +0000"
    },
    "done": true
  },
  "minecraft:recipes/misc/iron_ingot_from_nuggets": {
    "criteria": {
      "has_iron_nugget": "2024-08-18 19:09:47 +0000"
    },
    "done": true
  },
  "pneumaticcraft:recipes/building_blocks/compressed_bricks_from_tile_stonecutting": {
    "criteria": {
      "has_compressed_stone": "2024-08-18 19:09:50 +0000"
    },
    "done": true
  },
  "pneumaticcraft:recipes/misc/minigun": {
    "criteria": {
      "has_ingot_iron_compressed": "2024-08-18 19:09:54 +0000"
    },
    "done": true
  },
  "pneumaticcraft:recipes/misc/wall_lamp_magenta": {
    "criteria": {
      "has_ingot_iron_compressed": "2024-08-18 19:09:54 +0000"
    },
    "done": true
  },
  "pneumaticcraft:recipes/misc/heat_sink": {
    "criteria": {
      "has_ingot_iron_compressed": "2024-08-18 19:09:54 +0000"
    },
    "done": true
  },
  "pneumaticcraft:recipes/misc/reinforced_brick_tile": {
    "criteria": {
      "has_ingot_iron_compressed": "2024-08-18 19:09:54 +0000"
    },
    "done": true
  },
  "pneumaticcraft:recipes/misc/wall_lamp_cyan": {
    "criteria": {
      "has_ingot_iron_compressed": "2024-08-18 19:09:54 +0000"
    },
    "done": true
  },
  "pneumaticcraft:recipes/misc/reinforced_brick_wall": {
    "criteria": {
      "has_ingot_iron_compressed": "2024-08-18 19:09:54 +0000"
    },
    "done": true
  },
  "pneumaticcraft:recipes/misc/wall_lamp_inverted_magenta": {
    "criteria": {
      "has_ingot_iron_compressed": "2024-08-18 19:09:54 +0000"
    },
    "done": true
  },
  "pneumaticcraft:recipes/misc/compressed_iron_helmet": {
    "criteria": {
      "has_ingot_iron_compressed": "2024-08-18 19:09:54 +0000"
    },
    "done": true
  },
  "pneumaticcraft:recipes/misc/classify_filter": {
    "criteria": {
      "has_logistics_core": "2024-08-18 19:09:57 +0000"
    },
    "done": true
  },
  "pneumaticcraft:recipes/misc/camo_applicator": {
    "criteria": {
      "has_ingot_iron_compressed": "2024-08-18 19:09:54 +0000"
    },
    "done": true
  },
  "pneumaticcraft:recipes/misc/wall_lamp_inverted_white": {
    "criteria": {
      "has_ingot_iron_compressed": "2024-08-18 19:09:54 +0000"
    },
    "done": true
  },
  "pneumaticcraft:recipes/misc/wall_lamp_red": {
    "criteria": {
      "has_ingot_iron_compressed": "2024-08-18 19:09:54 +0000"
    },
    "done": true
  },
  "pneumaticcraft:recipes/misc/pressure_chamber_wall": {
    "criteria": {
      "has_ingot_iron_compressed": "2024-08-18 19:09:54 +0000"
    },
    "done": true
  },
  "pneumaticcraft:recipes/building_blocks/compressed_brick_slab_from_bricks_stonecutting": {
    "criteria": {
      "has_compressed_stone": "2024-08-18 19:09:50 +0000"
    },
    "done": true
  },
  "pneumaticcraft:recipes/misc/wall_lamp_inverted_orange": {
    "criteria": {
      "has_ingot_iron_compressed": "2024-08-18 19:09:54 +0000"
    },
    "done": true
  },
  "pneumaticcraft:recipes/misc/wall_lamp_brown": {
    "criteria": {
      "has_ingot_iron_compressed": "2024-08-18 19:09:54 +0000"
    },
    "done": true
  },
  "pneumaticcraft:recipes/misc/pressure_tube": {
    "criteria": {
      "has_ingot_iron_compressed": "2024-08-18 19:09:54 +0000"
    },
    "done": true
  },
  "pneumaticcraft:recipes/misc/compressed_brick_wall": {
    "criteria": {
      "has_ingot_iron_compressed": "2024-08-18 19:09:54 +0000"
    },
    "done": true
  },
  "supplementaries:recipes/iron_gate": {
    "criteria": {
      "has_iron_nugget": "2024-08-18 19:09:47 +0000"
    },
    "done": true
  },
  "pneumaticcraft:recipes/misc/wall_lamp_inverted_green": {
    "criteria": {
      "has_ingot_iron_compressed": "2024-08-18 19:09:54 +0000"
    },
    "done": true
  },
  "pneumaticcraft:recipes/misc/compressed_brick_tile": {
    "criteria": {
      "has_ingot_iron_compressed": "2024-08-18 19:09:54 +0000"
    },
    "done": true
  },
  "pneumaticcraft:recipes/misc/logistics_frame_default_storage": {
    "criteria": {
      "has_logistics_core": "2024-08-18 19:09:57 +0000"
    },
    "done": true
  },
  "pneumaticcraft:recipes/misc/compressed_brick_stairs": {
    "criteria": {
      "has_ingot_iron_compressed": "2024-08-18 19:09:54 +0000"
    },
    "done": true
  },
  "occultism:recipes/spirit_trade/spirit_trade/test": {
    "criteria": {
      "has_stone": "2024-08-18 19:09:50 +0000"
    },
    "done": true
  },
  "pneumaticcraft:recipes/misc/compressed_stone_slab": {
    "criteria": {
      "has_ingot_iron_compressed": "2024-08-18 19:09:54 +0000"
    },
    "done": true
  },
  "pneumaticcraft:recipes/misc/gas_lift": {
    "criteria": {
      "has_ingot_iron_compressed": "2024-08-18 19:09:54 +0000"
    },
    "done": true
  },
  "pneumaticcraft:recipes/misc/logistics_core": {
    "criteria": {
      "has_ingot_iron_compressed": "2024-08-18 19:09:54 +0000"
    },
    "done": true
  },
  "pneumaticcraft:recipes/misc/manometer": {
    "criteria": {
      "has_ingot_iron_compressed": "2024-08-18 19:09:54 +0000"
    },
    "done": true
  },
  "pneumaticcraft:recipes/misc/wall_lamp_inverted_black": {
    "criteria": {
      "has_ingot_iron_compressed": "2024-08-18 19:09:54 +0000"
    },
    "done": true
  },
  "pneumaticcraft:recipes/misc/wall_lamp_inverted_cyan": {
    "criteria": {
      "has_ingot_iron_compressed": "2024-08-18 19:09:54 +0000"
    },
    "done": true
  },
  "pneumaticcraft:recipes/misc/reinforced_bricks_from_tile": {
    "criteria": {
      "has_ingot_iron_compressed": "2024-08-18 19:09:54 +0000"
    },
    "done": true
  },
  "pneumaticcraft:recipes/misc/small_tank": {
    "criteria": {
      "has_ingot_iron_compressed": "2024-08-18 19:09:54 +0000"
    },
    "done": true
  },
  "minecolonies:recipes/misc/supplycampdeployer": {
    "criteria": {
      "has_chest": "2024-08-18 19:14:57 +0000"
    },
    "done": true
  },
  "pneumaticcraft:recipes/misc/wall_lamp_inverted_gray": {
    "criteria": {
      "has_ingot_iron_compressed": "2024-08-18 19:09:54 +0000"
    },
    "done": true
  },
  "pneumaticcraft:recipes/misc/wall_lamp_purple": {
    "criteria": {
      "has_ingot_iron_compressed": "2024-08-18 19:09:54 +0000"
    },
    "done": true
  },
  "slashblade:material/proudsoul_tiny": {
    "criteria": {
      "BrokenBlade": "2024-08-18 19:12:23 +0000"
    },
    "done": true
  },
  "pneumaticcraft:recipes/misc/pressure_chamber_valve": {
    "criteria": {
      "has_ingot_iron_compressed": "2024-08-18 19:09:54 +0000"
    },
    "done": true
  },
  "pneumaticcraft:recipes/misc/reinforced_stone_slab": {
    "criteria": {
      "has_ingot_iron_compressed": "2024-08-18 19:09:54 +0000"
    },
    "done": true
  },
  "pneumaticcraft:recipes/misc/pressure_gauge": {
    "criteria": {
      "has_ingot_iron_compressed": "2024-08-18 19:09:54 +0000"
    },
    "done": true
  },
  "pneumaticcraft:root": {
    "criteria": {
      "0": "2024-08-18 19:09:54 +0000"
    },
    "done": true
  },
  "pneumaticcraft:recipes/misc/liquid_compressor": {
    "criteria": {
      "has_ingot_iron_compressed": "2024-08-18 19:09:54 +0000"
    },
    "done": true
  },
  "pneumaticcraft:recipes/building_blocks/compressed_brick_pillar_from_bricks_stonecutting": {
    "criteria": {
      "has_compressed_stone": "2024-08-18 19:09:50 +0000"
    },
    "done": true
  },
  "minecraft:recipes/misc/red_dye_from_rose_bush": {
    "criteria": {
      "has_rose_bush": "2024-08-18 19:12:25 +0000"
    },
    "done": true
  },
  "pneumaticcraft:recipes/misc/wall_lamp_black": {
    "criteria": {
      "has_ingot_iron_compressed": "2024-08-18 19:09:54 +0000"
    },
    "done": true
  },
  "pneumaticcraft:recipes/misc/wall_lamp_green": {
    "criteria": {
      "has_ingot_iron_compressed": "2024-08-18 19:09:54 +0000"
    },
    "done": true
  },
  "pneumaticcraft:recipes/misc/compressed_bricks_from_tile": {
    "criteria": {
      "has_ingot_iron_compressed": "2024-08-18 19:09:54 +0000"
    },
    "done": true
  },
  "pneumaticcraft:recipes/building_blocks/compressed_brick_stairs_from_bricks_stonecutting": {
    "criteria": {
      "has_compressed_stone": "2024-08-18 19:09:50 +0000"
    },
    "done": true
  },
  "pneumaticcraft:recipes/misc/regulator_tube_module": {
    "criteria": {
      "has_ingot_iron_compressed": "2024-08-18 19:09:54 +0000"
    },
    "done": true
  },
  "pneumaticcraft:recipes/misc/reinforced_chest": {
    "criteria": {
      "has_ingot_iron_compressed": "2024-08-18 19:09:54 +0000"
    },
    "done": true
  },
  "pneumaticcraft:recipes/misc/compressed_iron_leggings": {
    "criteria": {
      "has_ingot_iron_compressed": "2024-08-18 19:09:54 +0000"
    },
    "done": true
  },
  "pneumaticcraft:recipes/misc/compressed_iron_gear": {
    "criteria": {
      "has_ingot_iron_compressed": "2024-08-18 19:09:54 +0000"
    },
    "done": true
  },
  "pneumaticcraft:recipes/misc/logistics_frame_storage": {
    "criteria": {
      "has_logistics_core": "2024-08-18 19:09:57 +0000"
    },
    "done": true
  },
  "pneumaticcraft:recipes/misc/kerosene_lamp": {
    "criteria": {
      "has_ingot_iron_compressed": "2024-08-18 19:09:54 +0000"
    },
    "done": true
  },
  "pneumaticcraft:recipes/misc/wall_lamp_inverted_pink": {
    "criteria": {
      "has_ingot_iron_compressed": "2024-08-18 19:09:54 +0000"
    },
    "done": true
  },
  "pneumaticcraft:recipes/building_blocks/compressed_bricks_from_stone_stonecutting": {
    "criteria": {
      "has_compressed_stone": "2024-08-18 19:09:50 +0000"
    },
    "done": true
  },
  "minecraft:recipes/decorations/lantern": {
    "criteria": {
      "has_iron_nugget": "2024-08-18 19:09:48 +0000"
    },
    "done": true
  },
  "create:recipes/building_blocks/ornate_iron_window": {
    "criteria": {
      "has_ingredient": "2024-08-18 19:09:48 +0000"
    },
    "done": true
  },
  "pneumaticcraft:recipes/misc/transfer_gadget": {
    "criteria": {
      "has_ingot_iron_compressed": "2024-08-18 19:09:54 +0000"
    },
    "done": true
  },
  "pneumaticcraft:recipes/misc/logistics_frame_requester": {
    "criteria": {
      "has_logistics_core": "2024-08-18 19:09:57 +0000"
    },
    "done": true
  },
  "pneumaticcraft:recipes/misc/air_canister": {
    "criteria": {
      "has_ingot_iron_compressed": "2024-08-18 19:09:54 +0000"
    },
    "done": true
  },
  "pneumaticcraft:recipes/misc/wall_lamp_inverted_brown": {
    "criteria": {
      "has_ingot_iron_compressed": "2024-08-18 19:09:54 +0000"
    },
    "done": true
  },
  "pneumaticcraft:recipes/building_blocks/compressed_stone_slab_from_stone_stonecutting": {
    "criteria": {
      "has_compressed_stone": "2024-08-18 19:09:50 +0000"
    },
    "done": true
  },
  "pneumaticcraft:recipes/misc/wall_lamp_white": {
    "criteria": {
      "has_ingot_iron_compressed": "2024-08-18 19:09:54 +0000"
    },
    "done": true
  },
  "pneumaticcraft:recipes/misc/logistics_frame_active_provider": {
    "criteria": {
      "has_logistics_core": "2024-08-18 19:09:57 +0000"
    },
    "done": true
  },
  "minecraft:adventure/root": {
    "criteria": {
      "killed_something": "2024-08-18 19:12:30 +0000"
    },
    "done": true
  },
  "pneumaticcraft:recipes/misc/vortex_cannon": {
    "criteria": {
      "has_ingot_iron_compressed": "2024-08-18 19:09:54 +0000"
    },
    "done": true
  },
  "pneumaticcraft:recipes/misc/wall_lamp_inverted_light_blue": {
    "criteria": {
      "has_ingot_iron_compressed": "2024-08-18 19:09:54 +0000"
    },
    "done": true
  },
  "pneumaticcraft:recipes/misc/wall_lamp_blue": {
    "criteria": {
      "has_ingot_iron_compressed": "2024-08-18 19:09:54 +0000"
    },
    "done": true
  },
  "pneumaticcraft:recipes/misc/heat_frame": {
    "criteria": {
      "has_ingot_iron_compressed": "2024-08-18 19:09:54 +0000"
    },
    "done": true
  },
  "pneumaticcraft:recipes/misc/wall_lamp_lime": {
    "criteria": {
      "has_ingot_iron_compressed": "2024-08-18 19:09:54 +0000"
    },
    "done": true
  },
  "pneumaticcraft:recipes/misc/pressure_chamber_glass": {
    "criteria": {
      "has_ingot_iron_compressed": "2024-08-18 19:09:54 +0000"
    },
    "done": true
  },
  "pneumaticcraft:recipes/misc/crop_support": {
    "criteria": {
      "has_ingot_iron_compressed": "2024-08-18 19:09:54 +0000"
    },
    "done": true
  },
  "pneumaticcraft:recipes/misc/logistics_configurator": {
    "criteria": {
      "has_ingot_iron_compressed": "2024-08-18 19:09:54 +0000"
    },
    "done": true
  },
  "pneumaticcraft:recipes/misc/reinforced_brick_from_slab": {
    "criteria": {
      "has_ingot_iron_compressed": "2024-08-18 19:09:54 +0000"
    },
    "done": true
  },
  "pneumaticcraft:recipes/misc/wall_lamp_light_gray": {
    "criteria": {
      "has_ingot_iron_compressed": "2024-08-18 19:09:54 +0000"
    },
    "done": true
  },
  "pneumaticcraft:recipes/misc/cannon_barrel": {
    "criteria": {
      "has_ingot_iron_compressed": "2024-08-18 19:09:54 +0000"
    },
    "done": true
  },
  "pneumaticcraft:recipes/misc/compressed_brick_slab": {
    "criteria": {
      "has_ingot_iron_compressed": "2024-08-18 19:09:54 +0000"
    },
    "done": true
  },
  "pneumaticcraft:recipes/misc/compressed_iron_block_from_ingot": {
    "criteria": {
      "has_ingot_iron_compressed": "2024-08-18 19:09:54 +0000"
    },
    "done": true
  },
  "pneumaticcraft:recipes/misc/elevator_frame": {
    "criteria": {
      "has_ingot_iron_compressed": "2024-08-18 19:09:54 +0000"
    },
    "done": true
  },
  "minecraft:recipes/decorations/chain": {
    "criteria": {
      "has_iron_nugget": "2024-08-18 19:09:48 +0000"
    },
    "done": true
  },
  "pneumaticcraft:recipes/misc/thermal_lagging": {
    "criteria": {
      "has_ingot_iron_compressed": "2024-08-18 19:09:54 +0000"
    },
    "done": true
  },
  "supplementaries:recipes/sconce": {
    "criteria": {
      "has_iron_nugget": "2024-08-18 19:09:47 +0000"
    },
    "done": true
  },
  "pneumaticcraft:recipes/misc/reinforced_stone": {
    "criteria": {
      "has_ingot_iron_compressed": "2024-08-18 19:09:54 +0000"
    },
    "done": true
  },
  "pneumaticcraft:recipes/misc/logistics_module": {
    "criteria": {
      "has_logistics_core": "2024-08-18 19:09:57 +0000"
    },
    "done": true
  },
  "pneumaticcraft:recipes/misc/pressure_chamber_glass_x4": {
    "criteria": {
      "has_ingot_iron_compressed": "2024-08-18 19:09:54 +0000"
    },
    "done": true
  },
  "pneumaticcraft:recipes/misc/pressure_chamber_glass_x1": {
    "criteria": {
      "has_ingot_iron_compressed": "2024-08-18 19:09:54 +0000"
    },
    "done": true
  },
  "pneumaticcraft:recipes/misc/wall_lamp_yellow": {
    "criteria": {
      "has_ingot_iron_compressed": "2024-08-18 19:09:54 +0000"
    },
    "done": true
  },
  "pneumaticcraft:recipes/misc/refinery_output": {
    "criteria": {
      "has_ingot_iron_compressed": "2024-08-18 19:09:54 +0000"
    },
    "done": true
  },
  "pneumaticcraft:recipes/misc/pressure_chamber_valve_x1": {
    "criteria": {
      "has_ingot_iron_compressed": "2024-08-18 19:09:54 +0000"
    },
    "done": true
  },
  "pneumaticcraft:recipes/misc/pressure_chamber_valve_x4": {
    "criteria": {
      "has_ingot_iron_compressed": "2024-08-18 19:09:54 +0000"
    },
    "done": true
  },
  "pneumaticcraft:recipes/misc/compressed_brick_from_slab": {
    "criteria": {
      "has_ingot_iron_compressed": "2024-08-18 19:09:54 +0000"
    },
    "done": true
  },
  "slashblade:root": {
    "criteria": {
      "attackTheEntity": "2024-08-18 19:12:23 +0000"
    },
    "done": true
  },
  "supplementaries:recipes/goblet": {
    "criteria": {
      "has_iron_nugget": "2024-08-18 19:09:47 +0000"
    },
    "done": true
  },
  "pneumaticcraft:recipes/misc/compressed_iron_chestplate": {
    "criteria": {
      "has_ingot_iron_compressed": "2024-08-18 19:09:54 +0000"
    },
    "done": true
  },
  "pneumaticcraft:recipes/misc/reinforced_brick_pillar": {
    "criteria": {
      "has_ingot_iron_compressed": "2024-08-18 19:09:54 +0000"
    },
    "done": true
  },
  "pneumaticcraft:recipes/misc/seismic_sensor": {
    "criteria": {
      "has_ingot_iron_compressed": "2024-08-18 19:09:54 +0000"
    },
    "done": true
  },
  "pneumaticcraft:recipes/misc/reinforced_brick_stairs": {
    "criteria": {
      "has_ingot_iron_compressed": "2024-08-18 19:09:54 +0000"
    },
    "done": true
  },
  "pneumaticcraft:recipes/misc/pneumatic_wrench": {
    "criteria": {
      "has_ingot_iron_compressed": "2024-08-18 19:09:54 +0000"
    },
    "done": true
  },
  "pneumaticcraft:recipes/misc/wall_lamp_inverted_purple": {
    "criteria": {
      "has_ingot_iron_compressed": "2024-08-18 19:09:54 +0000"
    },
    "done": true
  },
  "pneumaticcraft:recipes/misc/refinery": {
    "criteria": {
      "has_ingot_iron_compressed": "2024-08-18 19:09:54 +0000"
    },
    "done": true
  },
  "pneumaticcraft:recipes/misc/logistics_frame_passive_provider": {
    "criteria": {
      "has_logistics_core": "2024-08-18 19:09:57 +0000"
    },
    "done": true
  },
  "pneumaticcraft:recipes/misc/wall_lamp_pink": {
    "criteria": {
      "has_ingot_iron_compressed": "2024-08-18 19:09:54 +0000"
    },
    "done": true
  },
  "pneumaticcraft:recipes/misc/heat_pipe": {
    "criteria": {
      "has_ingot_iron_compressed": "2024-08-18 19:09:54 +0000"
    },
    "done": true
  },
  "pneumaticcraft:recipes/misc/spawner_agitator": {
    "criteria": {
      "has_ingot_iron_compressed": "2024-08-18 19:09:54 +0000"
    },
    "done": true
  },
  "supplementaries:recipes/sconce_soul": {
    "criteria": {
      "has_iron_nugget": "2024-08-18 19:09:47 +0000"
    },
    "done": true
  },
  "pneumaticcraft:recipes/misc/omnidirectional_hopper": {
    "criteria": {
      "has_ingot_iron_compressed": "2024-08-18 19:09:54 +0000"
    },
    "done": true
  },
  "DataVersion": 3465
}